LOG10_Z,LOG10_CS44,LOG10_CS66,LOG10_CS46
0.60206107706280998,-21.619778854486881,-22.611153352007605,-22.115142170641327
0.6048625578702993,-9.6421212936554497,-10.633219211132637,-10.137823476441648
0.60766403867778873,-8.5526160578160528,-9.5426151955068761,-9.0472599861521026
0.61046551948527805,-7.9001909399058192,-8.8893524274182685,-8.3947138557128884
0.61326700029276737,-7.425998611212151,-8.4154662662792443,-7.9210687312715207
0.6160684811002568,-7.0506079813446396,-8.0395373413990878,-7.5450599299883585
0.61886996190774612,-6.7371140232350468,-7.7260544898778463,-7.2317490619264442
0.62167144271523544,-6.4675372476296245,-7.4554120488494897,-6.9615993168979635
0.62447292352272488,-6.2285755923316568,-7.2158417727549367,-6.7224584544141059
0.6272744043302142,-6.0140183445168507,-7.0008799850869501,-6.5071984531504254
0.63007588513770352,-5.8177028240476591,-6.8042053402184752,-6.3111478969835861
0.63287736594519295,-5.6373834461375063,-6.6238811996009277,-6.1305436203259847
0.63567884675268227,-5.4699836024340938,-6.4560495216921669,-5.9631569652476282
0.63848032756017159,-5.313065893741002,-6.297929780466152,-5.8056619883733225
0.64128180836766102,-5.1652366696859247,-6.1500439938178388,-5.6576370549256412
0.64408328917515034,-5.0253434760444158,-6.0096920028554184,-5.5172099771795464
0.64688476998263977,-4.8916771149463658,-5.8762704674104675,-5.3839795573281144
0.64968625079012909,-4.7644360084793966,-5.7484673524318897,-5.2564269871504878
0.65248773159761841,-4.6429841219931127,-5.6267838656427118,-5.1345983110280509
0.65528921240510785,-4.5262112896080966,-5.5083052056326194,-5.0176029064892731
0.65809069321259717,-4.412982786282897,-5.3963559203051261,-4.9048653534395541
0.66089217402008649,-4.3046434621175189,-5.2866887503737505,-4.7960023854048464
0.66369365482757592,-4.1993258881868192,-5.1808396214601764,-4.6900095657573573
0.66649513563506524,-4.0971141103189179,-5.0781172178784848,-4.5882206419707288
0.66929661644255456,-3.9985862571056368,-4.979160481354941,-4.4886475580990908
0.67209809725004399,-3.9019144416542284,-4.8822577647274805,-4.3919494621950763
0.67489957805753331,-3.8077659822393115,-4.7879431251042881,-4.2979940988127501
0.67770105886502263,-3.7168294456806885,-4.6957329735131905,-4.2060788267759328
0.68050253967251206,-3.6272986635530531,-4.6056911042768016,-4.1163651554369762
0.68330402048000138,-3.539791084029912,-4.5181438991837473,-4.0290776794340575
0.6861055012874907,-3.453374600784898,-4.4327218889479951,-3.9431741191130976
0.68890698209498014,-3.3701455245856038,-4.3477414015532494,-3.8585996891951115
0.69170846290246946,-3.2874090585024796,-4.2655746402798389,-3.7766391034516071
0.69450994370995889,-3.2073610405625153,-4.1849634608638313,-3.6958571562966118
0.69731142451744821,-3.1282546445135844,-4.1046444664947801,-3.6160803396736432
0.70011290532493753,-3.0497093022302306,-4.0267449586510029,-3.5381600486071694
0.70291438613242696,-2.9735504620920996,-3.9495742114228514,-3.4620840109391731
0.70571586693991628,-2.8980478188727612,-3.874004239481772,-3.3856525621192746
0.7085173477474056,-2.8244901639974609,-3.7995774015070278,-3.3121888430940074
0.71131882855489503,-2.7509796686756962,-3.7264102859896351,-3.238819737377288
0.71412030936238435,-2.6793097177982226,-3.6537788183708626,-3.1663372814746471
0.71692179016987367,-2.6080010671144631,-3.5824488372859866,-3.095175622599545
0.71972327097736311,-2.5382136668961213,-3.5117541946067417,-3.0253039877853696
0.72252475178485243,-2.4691657658885195,-3.4423290230871841,-2.9548833047798828
0.72532623259234175,-2.4004083329239467,-3.3735451377455754,-2.8869378526467586
0.72812771339983118,-2.3331692905458885,-3.3058333257142127,-2.8191526954750152
0.7309291942073205,-2.2663846005801127,-3.238586081278072,-2.752767682726954
0.73373067501480982,-2.2003720950379329,-3.1720866784364983,-2.6863338808733195
0.73653215582229925,-2.1354267090744221,-3.106615852810743,-2.6210653167637599
0.73933363662978857,-2.0711950884556485,-3.0418172665131635,-2.5557970511941441
0.74213511743727789,-2.0070693966698321,-2.9772370635958039,-2.4922723648597569
0.74493659824476732,-1.9430998628025926,-2.9141030064035882,-2.4286303723982599
0.74773807905225664,-1.8811775651669325,-2.8511646141549951,-2.3659954481026131
0.75053955985974596,-1.818612805019405,-2.7885480000627139,-2.3036695754681848
0.7533410406672354,-1.7573470080995968,-2.7263786538847428,-2.2418369269821685
0.75614252147472472,-1.6964530057278671,-2.6650363999064672,-2.1810737333810604
0.75894400228221404,-1.6361054512313005,-2.6043025901662404,-2.1204760968674785
0.76174548308970347,-1.5763961215598161,-2.5442914173498599,-2.0604519570126434
0.76454696389719279,-1.5168114107373794,-2.4844702975919164,-2.0006772183410511
0.76734844470468211,-1.4577931403342952,-2.4250632434212487,-1.9414229557834672
0.77014992551217154,-1.399329679256579,-2.3657576335941837,-1.8829421602837968
0.77295140631966086,-1.3411899660229007,-2.307628456884482,-1.8247798635393524
0.77575288712715018,-1.2836756391184549,-2.2495680686671924,-1.7670807603031446
0.77855436793463961,-1.2263081783963921,-2.1922687177585471,-1.7091753051781051
0.78135584874212893,-1.1698095104683597,-2.1346828244953264,-1.6523180047962085
0.78415732954961825,-1.1128286658794719,-2.0783086331451508,-1.5961321110440301
0.78695881035710769,-1.0569407855125201,-2.0218391404382827,-1.5400315330161012
0.78976029116459701,-1.0018262607785455,-1.9658322776548176,-1.4839891805582022
0.79256177197208644,-0.94605334937039864,-1.9099570536882733,-1.4287599663121888
0.79536325277957576,-0.89111149826704306,-1.8545065433064514,-1.3735947487261275
0.79816473358706508,-0.8369693048315785,-1.7995460516579846,-1.3185458084045276
0.80096621439455451,-0.78217388591245274,-1.745251184797977,-1.2638484014149793
0.80376769520204383,-0.72854652919150231,-1.691099125512677,-1.2099163018349757
0.80656917600953326,-0.67486493622417743,-1.6371689147877717,-1.1555391186368373
0.80937065681702258,-0.62151034363199742,-1.583211265309568,-1.1022288601552264
0.8121721376245119,-0.56810285500892144,-1.5292930480938918,-1.0491704119811553
0.81497361843200133,-0.51566781685425644,-1.4763060952791425,-0.99595568989756889
0.81777509923949065,-0.46311955071652267,-1.423455845960524,-0.94324582199872442
0.82057658004697998,-0.4109728741582257,-1.370706326933278,-0.89120184248399015
0.82337806085446941,-0.35852183979940433,-1.3188085824361895,-0.83875585068855529
0.82617954166195873,-0.30700968749665369,-1.2662546519997635,-0.78613597962628434
0.82898102246944805,-0.25550026574657997,-1.2148557234799475,-0.73518955362606619
0.83178250327693748,-0.20431845776272511,-1.1629200384931677,-0.68325641374923485
0.8345839840844268,-0.15308452660028934,-1.1116692215076232,-0.63223438723296332
0.83738546489191612,-0.10185228582456006,-1.0604928683390196,-0.58122822404444252
0.84018694569940555,-0.051358718649910567,-1.0096928310534254,-0.53054163184769676
0.84298842650689487,-0.001035944383611868,-0.95865096046592757,-0.48007700193495817
0.84578990731438419,0.048974762502532493,-0.90840214184365242,-0.42998878631708026
0.84859138812187362,0.098448086386009409,-0.85784351802301551,-0.3795729752559317
0.85139286892936294,0.14869781166257681,-0.80809361431025195,-0.32921008917183192
0.85419434973685227,0.19887843161666779,-0.75766229893315307,-0.2789657499776918
0.8569958305443417,0.24775441401440218,-0.70830324112879983,-0.23016609909916141
0.85979731135183102,0.29676723277104944,-0.65920454488223923,-0.18081561008909355
0.86259879215932034,0.34512909919059132,-0.60952877690046847,-0.1312946378081486
0.86540027296680977,0.39474001698442085,-0.56035541242125597,-0.083040960668658473
0.86820175377429909,0.4434661230212863,-0.51193753315565016,-0.033705995184443109
0.87100323458178841,0.49187016582825605,-0.46274805244798678,0.014083060619048588
0.87380471538927784,0.54043099099581737,-0.41358232634444597,0.063424301856896348
0.87660619619676716,0.58829330503836608,-0.36605086009183396,0.11157136260472068
0.87940767700425648,0.6364261968801459,-0.31742298942645064,0.15985520416823334
0.88220915781174591,0.68402744797108661,-0.26869506225764239,0.20751302461536725
0.88501063861923523,0.73193434320270667,-0.22067472555761927,0.25571428134861679
0.88781211942672456,0.77917372933582718,-0.17306154465571236,0.30265830695754409
0.89061360023421399,0.82716805316919817,-0.12580751685315603,0.35042053788632294
0.89341508104170331,0.87421660252685662,-0.07826071962596412,0.39777272398899804
0.89621656184919263,0.92180650880046799,-0.030598020444038025,0.44541176604790655
0.89901804265668206,0.96814387832150262,0.016808480256990162,0.49229018320415296
0.90181952346417138,1.0148189361920215,0.064203950417404773,0.53924687819757977
0.9046210042716607,1.0618167308192323,0.11058287354897528,0.58641300274644514
0.90742248507915013,1.1087738767855002,0.15753687216189211,0.6330413637707647
0.91022396588663945,1.154747226601768,0.20417649823219283,0.67925982303625054
0.91302544669412877,1.2011749954316207,0.25122075265014859,0.72612052674614858
0.9158269275016182,1.2476563329727113,0.29752726574447391,0.7726255921019336
0.91862840830910764,1.2931171839873812,0.34431605441913504,0.81928088094498053
0.92142988911659685,1.3401052695625972,0.39081886205320943,0.86496319273609057
0.92423136992408628,1.3857035896503178,0.43634350389703735,0.91097899126784421
0.92703285073157571,1.4315368974325562,0.48252736671051821,0.95735014747519598
0.92983433153906492,1.4767598075076946,0.52821794940391043,1.0024278678607081
0.93263581234655435,1.5226117050871883,0.57467871052815755,1.0486085003214087
0.93543729315404378,1.5682949200694043,0.61988420192054228,1.0940736778726383
0.93823877396153299,1.6133175626075207,0.66537048648979491,1.1390551809200098
0.94104025476902242,1.6590832996196765,0.71119652178384729,1.1850251018971367
0.94384173557651185,1.7039100862300869,0.756486400742859,1.2294628135273791
0.94664321638400117,1.7487608223044631,0.80193088481649855,1.2752294787725378
0.94944469719149049,1.793525218151498,0.84707455411572563,1.3202465361310496
0.95224617799897993,1.8390242515628494,0.89217022277526437,1.365348505439886
0.95504765880646925,1.8834062025349898,0.93693213111442508,1.4101173458323168
0.95784913961395857,1.928267632315019,0.98231088907363284,1.4547266027658625
0.960650620421448,1.9733022009652295,1.0271907361171806,1.4996316371609666
0.96345210122893732,2.0170950238770793,1.0713928821039591,1.5441583579260092
0.96625358203642664,2.0623665888579517,1.1163764798706346,1.5890590015661443
0.96905506284391607,2.1062255272915844,1.1607143082959386,1.6339230746271227
0.97185654365140539,2.150091650753077,1.2052735966995454,1.6782070607307931
0.97465802445889471,2.1953064166499079,1.249906831952994,1.7219530358134998
0.97745950526638414,2.2388784082079325,1.2940353445672175,1.7664825463230986
0.98026098607387346,2.2827208331978222,1.3390221856889206,1.8104174418372172
0.98306246688136278,2.3268687946394127,1.3822098373964304,1.8546551003087024
0.98586394768885222,2.370452748619897,1.4267545537009085,1.8983002148120873
0.98866542849634154,2.4140612541295092,1.4709545610240347,1.9422564168363687
0.99146690930383086,2.4577493477000916,1.5152862697873832,1.9865811206250217
0.99426839011132029,2.501555917932905,1.5582440489756952,2.0298050043661897
0.99706987091880961,2.5451379875054503,1.6029719276883196,2.0739775339035944
0.99987135172629893,2.5885555467030334,1.6464813570794481,2.1174056409736064
1.0026728325337884,2.6328051375315304,1.6900810670416737,2.1606366738548375
1.0054743133412778,2.6758953617895092,1.7330783073312173,2.2044017792110866
1.008275794148767,2.7187598434816351,1.7779376638079496,2.2477040643628139
1.0110772749562564,2.7624407131457569,1.8210057209221444,2.2911139316094156
1.0138787557637459,2.8052914173802153,1.863862892385727,2.3348386429334806
1.0166802365712351,2.8489674451609437,1.9074329018155747,2.3782518883978674
1.0194817173787245,2.8915556834888614,1.9504345127744116,2.4209935446845261
1.0222831981862139,2.9347543025475948,1.9941583582660298,2.464304031995753
1.0250846789937031,2.9772569827957227,2.0365469886069203,2.5078204967084385
1.0278861598011926,3.0206124087506736,2.0798982524581224,2.5504345925673619
1.030687640608682,3.0634953128221576,2.123160104915061,2.593407695584907
1.0334891214161712,3.1061786979236854,2.1661874931314302,2.6356646550938687
1.0362906022236607,3.1488743907408989,2.2087816929479511,2.6784599454963405
1.0390920830311501,3.1918121093659653,2.2520711874063188,2.7215030818930783
1.0418935638386393,3.2348367800538069,2.2951851929904374,2.7645726866988412
1.0446950446461287,3.277052788163064,2.3375994007727359,2.8072203260657984
1.0474965254536182,3.3195246999589849,2.3804717351793205,2.8498493059928216
1.0502980062611074,3.3622641848207011,2.4228610156300023,2.8924280185787259
1.0530994870685968,3.4043831739680273,2.4661097481439866,2.9351161541123667
1.0559009678760862,3.4468636825332246,2.5083858160026709,2.9770400619469828
1.0587024486835754,3.4890925340004526,2.550471949380833,3.0196766934049504
1.0615039294910649,3.5320917163759686,2.5933025391182989,3.0615659308778334
1.0643054102985543,3.5739359606508248,2.636396124820207,3.1042154934121244
1.0671068911060435,3.6160065134691126,2.6779564993870695,3.1468718717658488
1.0699083719135329,3.6584456127004565,2.7206230188656253,3.1892197204795476
1.0727098527210224,3.7006835264756432,2.7627103571718972,3.2315580584787384
1.0755113335285116,3.7424242379388239,2.8047509417242096,3.2732960217877802
1.078312814336001,3.7841414435493932,2.8472755036239663,3.3153715766980096
1.0811142951434904,3.8267815292894043,2.8896797336575881,3.3578314958625155
1.0839157759509797,3.8688797953713974,2.9319877686413971,3.4000801676584267
1.0867172567584691,3.9104878355108847,2.9735986706079203,3.4416937749149823
1.0895187375659585,3.9522376951506151,3.0149854407123966,3.4837975183806171
1.0923202183734477,3.9942667429908081,3.0583703937171443,3.525589564502936
1.0951216991809372,4.0354767126780162,3.0998090993560847,3.5676708976925315
1.0979231799884266,4.0779973117409476,3.1413014011760616,3.6090792429081175
1.1007246607959158,4.1194923958282939,3.1838510917165008,3.6511577810348026
1.1035261416034052,4.1609289475174904,3.2254856835378596,3.693147594224635
1.1063276224108947,4.2029814697652341,3.2666678304353405,3.7339679364786993
1.1091291032183839,4.2447348580787958,3.3092572281904822,3.7759161667956533
1.1119305840258733,4.2849581185310397,3.3503097829948603,3.8175078164122493
1.1147320648333627,4.3273131529368669,3.3927476215555434,3.8593909225517753
1.1175335456408519,4.3685084264839205,3.4343411770930676,3.9002380272618757
1.1203350264483414,4.4100261813144863,3.475109060035297,3.9423302989881965
1.1231365072558308,4.4514025093338132,3.5169154837874741,3.9840220931369572
1.12593798806332,4.4933381011993836,3.5589159407369833,4.0255954881265135
1.1287394688708094,4.5347403866757494,3.600182509322567,4.0672052071592244
1.1315409496782989,4.5757745880127709,3.6422060977313895,4.1086256821210476
1.1343424304857881,4.6169381084318797,3.6832431123551594,4.1502135045708402
1.1371439112932775,4.6582085269695916,3.7253412852104333,4.1907227291074607
1.139945392100767,4.6997516687479068,3.7657634764261942,4.2327848118124773
1.1427468729082562,4.7408598680866687,3.8077027040500737,4.2741826986423526
1.1455483537157456,4.7815074414974079,3.8490491284031729,4.3155567977094398
1.148349834523235,4.8232490743283751,3.8900907122712649,4.3563589665153293
1.1511513153307242,4.8636908594857902,3.9311377709937605,4.3978055576049746
1.1539527961382137,4.9060437094703406,3.9725818633404923,4.4391079571753611
1.1567542769457031,4.9468645018531037,4.0137178738016495,4.480654652847214
1.1595557577531923,4.9883804562438518,4.0550248924150702,4.5212675962446411
1.162357238560682,5.0292376617145518,4.0956017923250858,4.562364099176385
1.1651587193681712,5.069874378360371,4.1372172977020263,4.603213504592131
1.1679602001756604,5.1111115541454053,4.1784461191974405,4.6439349010701196
1.17076168098315,5.1518425739139353,4.2193843967023712,4.6854544006742271
1.1735631617906392,5.1930026857739922,4.2611430614607686,4.7266446089910064
1.1763646425981285,5.234101947271605,4.3014896163101817,4.7671573363206727
1.1791661234056181,5.2746919504200696,4.342789537749665,4.8086528019761321
1.1819676042131073,5.3155802178297593,4.3830259712560418,4.8489894850774489
1.1847690850205965,5.3560418476746516,4.4249464101440354,4.8897722302661233
1.1875705658280862,5.3974500872504549,4.4656533854682134,4.930837135942733
1.1903720466355754,5.437946958352704,4.5061500834282135,4.9721392770831692
1.1931735274430646,5.4788778285227338,4.5474262290836673,5.0129663951547094
1.1959750082505543,5.5189797827961629,4.5884355733758859,5.0529505190672177
1.1987764890580435,5.5599880017199945,4.6293327492735692,5.0941988426603446
1.2015779698655327,5.6008705052170811,4.6699097424505318,5.1353919716644345
1.2043794506730223,5.6416544476623631,4.7111126548997557,5.1756649177898915
1.2071809314805115,5.6827888467911478,4.751349528484365,5.2164418515389261
1.2099824122880007,5.722606180824453,4.7920487475112932,5.2577220892972925
1.2127838930954904,5.764103935051784,4.8328262034099891,5.2988946506605412
1.2155853739029796,5.8042417009580918,4.8738989099415022,5.3376510253519198
1.2183868547104688,5.8449686693292504,4.9143909862858672,5.3795113427370387
1.2211883355179585,5.8853383491278004,4.9551107895808357,5.4195449053311773
1.2239898163254477,5.9264098900164441,4.9960094045038996,5.4603710665424554
1.2267912971329371,5.9664138783700587,5.0360124150815961,5.5009751489688101
1.2295927779404265,6.00668937025572,5.0773014024138883,5.5416211568207743
1.2323942587479157,6.0482574234144222,5.1176223723890928,5.5817144038543223
1.2351957395554052,6.0877973313670122,5.1584870342814284,5.6225231534495599
1.2379972203628946,6.1286088758781023,5.198357077056829,5.6631743668654497
1.2407987011703838,6.168627631924279,5.2387883460931342,5.7036117113064799
1.2436001819778733,6.2086817780971852,5.2793109091744999,5.7440492985049891
1.2464016627853627,6.2493961074541149,5.320936720613715,5.7842718702813514
1.2492031435928519,6.2898743435555691,5.3609809826298935,5.8248873150817762
1.2520046244003413,6.3300559527145541,5.4012331789129231,5.8650552435791701
1.2548061052078308,6.3708315928617836,5.4419521154776476,5.9057202708761771
1.25760758601532,6.4116024380408749,5.482166147075616,5.9464642758102517
1.2604090668228094,6.4511493391108372,5.5225683046505569,5.986800767844314
1.2632105476302988,6.4922780750553439,5.5630735514742842,6.0271620597553817
1.266012028437788,6.5317201038497341,5.6031217536362243,6.067425890646919
1.2688135092452775,6.5717421754178886,5.6439761511116764,6.1077481483427913
1.2716149900527669,6.6129174215614501,5.6841265249805808,6.1475446313663236
1.2744164708602561,6.6533187164441268,5.7241032982049509,6.1883494140176749
1.2772179516677455,6.6929799767917411,5.7644566650603517,6.2282489053614931
1.280019432475235,6.7334951415589224,5.8050312579375127,6.2691315817709121
1.2828209132827242,6.7737671300604907,5.845259928819285,6.3088478483178934
1.2856223940902136,6.8137758439982212,5.8854152854788495,6.3491802653095721
1.288423874897703,6.8536629541050189,5.9254335954210466,6.3897214521684802
1.2912253557051923,6.8942487100798902,5.9662211918390415,6.4297395747653505
1.2940268365126817,6.9339284562187977,6.0063950946411779,6.4698178174362244
1.2968283173201711,6.9744389962232249,6.0468088013584005,6.5098102522067061
1.2996297981276603,7.0147044391552065,6.0864888128671168,6.5501230775115609
1.3024312789351498,7.0544719583253412,6.1271787663794735,6.5906254457838127
1.3052327597426392,7.0948596125717627,6.1675434044895274,6.6311058947945556
1.3080342405501284,7.1346584445429935,6.2076862774813524,6.6707179215490902
1.3108357213576178,7.1750997567839523,6.2474871501699081,6.7106947531996246
1.3136372021651073,7.2151180286891003,6.2875796245312845,6.7505869912491576
1.3164386829725965,7.25474754087693,6.3270996866835647,6.7910639765287595
1.3192401637800859,7.2951656712864112,6.367578773526243,6.8303887845327829
1.3220416445875753,7.335530277853338,6.407977329466279,6.8709146155171164
1.3248431253950645,7.3756717538329033,6.4475617704043664,6.9108070758230546
1.327644606202554,7.4151371653881819,6.4878913640865088,6.9512879997931778
1.3304460870100434,7.4551870252783168,6.5278737031255734,6.9914090519925232
1.3332475678175326,7.4949334525448918,6.5688259778484488,7.0311678135734876
1.3360490486250221,7.5350228906837025,6.6080480371131047,7.070371093456437
1.3388505294325115,7.5749911558601726,6.6485566682491886,7.1112753181193238
1.3416520102400007,7.6157851674133017,6.6884072838369741,7.1513700172183858
1.3444534910474901,7.6549081575537334,6.7281735381814558,7.1912226933723407
1.3472549718549796,7.6950241201985179,6.7686093267103349,7.231215473643454
1.3500564526624688,7.7347334853718861,6.8078036277709453,7.2711061618358928
1.3528579334699582,7.774493214958861,6.8486457203806417,7.3107584950068478
1.3556594142774476,7.8150412774574116,6.8883749643960961,7.3510504666274095
1.3584608950849368,7.8546093673835387,6.9281596979614806,7.3912382178987714
1.3612623758924263,7.8946054112633792,6.9683373644678754,7.4307296334202864
1.3640638566999157,7.9343790740549087,7.0086694889640144,7.4710237320179296
1.3668653375074049,7.9745714734847155,7.0480025807966085,7.5107678795421187
1.3696668183148943,8.0148120710855331,7.0883338898805945,7.5502017925744198
1.3724682991223838,8.0540522681949689,7.1278735327282883,7.5904511225516549
1.375269779929873,8.0942846452839969,7.1681648866121987,7.6310409859238186
1.3780712607373624,8.1333954769275163,7.207882549214486,7.6708411387334809
1.3808727415448518,8.1734438073882973,7.24749145895706,7.7103165425190454
1.3836742223523411,8.213594405871147,7.2868654118495888,7.7505226142251553
1.3864757031598305,8.2532350835983159,7.3277149954657173,7.7901980648719595
1.3892771839673199,8.2931284066857334,7.3678900407427106,7.8292137402433299
1.3920786647748091,8.3325010545095264,7.4068458712376888,7.8697381371568289
1.3948801455822986,8.3727894542318904,7.4465566367963447,7.9090283053143207
1.397681626389788,8.4120988977875033,7.4869405018352273,7.9490743593403845
1.4004831071972772,8.4525699717667973,7.5272480474126722,7.9888414695910246
1.4032845880047666,8.4924307344279413,7.5661267636872065,8.0289559752668396
1.4060860688122561,8.532142222368071,7.6061682883580763,8.068851154507966
1.4088875496197453,8.5711001000813383,7.6453712859827059,8.1086959650449675
1.4116890304272347,8.6119254602007409,7.6858025345763208,8.1486299023768201
1.4144905112347241,8.6511664761090419,7.7259643790687713,8.187498636402994
1.4172919920422133,8.6903209512928914,7.7654026736359354,8.2277838609234237
1.420093472849703,8.7302395508637929,7.8054082684261026,8.2670324886628972
1.4228949536571922,8.7705829056140843,7.8446521876130664,8.3065696308768242
1.4256964344646814,8.8091713017733451,7.88425788499283,8.3469914040605335
1.4284979152721711,8.8495868410090086,7.9241486057773916,8.3864899362171332
1.4312993960796603,8.8898078137181358,7.9644594617028321,8.4258257842515931
1.4341008768871495,8.9287898924516735,8.0040862324086479,8.4660211824788814
1.4369023576946391,8.9687963161412352,8.0434110201311828,8.5053043113824689
1.4397038385021284,9.0083379039966633,8.0831416678029129,8.5455558670550413
1.4425053193096176,9.0483724079412688,8.1230541959848122,8.5850896000029451
1.4453068001171072,9.0875440050755802,8.1628150151972783,8.6250751817721412
1.4481082809245964,9.1275583346256823,8.2024518634672265,8.6648720626808835
1.4509097617320856,9.1671932865661105,8.2418978106595215,8.7039531648356565
1.4537112425395753,9.2071838941965591,8.2822176552126958,8.7433524402657508
1.4565127233470645,9.2462597970333853,8.3213349722091436,8.783683459944811
1.4593142041545537,9.2861654965004465,8.3612731722074489,8.8236335789984217
1.4621156849620434,9.3255632369616794,8.401254837778783,8.8625484398060674
1.4649171657695326,9.364165509365252,8.4402128771677631,8.9024115376906359
1.4677186465770218,9.4049252548462956,8.4802443203856708,8.9423958688876368
1.4705201273845114,9.4439523972924118,8.519718449740493,8.9817695654676228
1.4733216081920006,9.4835443897192615,8.5593424119376227,9.0217388598633175
1.4761230889994899,9.5234459802904983,8.5994510169267624,9.0608963414876005
1.4789245698069795,9.5634564792083054,8.6390019388424282,9.1005237667891876
1.4817260506144687,9.6034097130568359,8.6792456449128075,9.1400847066423907
1.4845275314219581,9.6427540160475029,8.7176147175606999,9.179754258243193
1.4873290122294476,9.6819095531039689,8.7577970385101835,9.2196600721281161
1.4901304930369368,9.7216322075112487,8.7978978284598828,9.2589788597431717
1.4929319738444262,9.7608516236954959,8.8376205318409582,9.2984359591583452
1.4957334546519157,9.801106859881946,8.8765193102450439,9.3385785877785281
1.4985349354594049,9.8406380600743919,8.9164507445113461,9.3775424787612334
1.5013364162668943,9.880180309716831,8.9563577919047201,9.4174468784449097
1.5041378970743837,9.9198447684436726,8.9949529672730844,9.4573051221239055
1.5069393778818729,9.9591196671167346,9.0350137967094408,9.4963526568287318
1.5097408586893624,9.9984484217684777,9.0751962460861844,9.5368008788814596
1.5125423394968518,10.038790691220331,9.1143432606250023,9.5762945976773466
1.515343820304341,10.077662118039139,9.153919885577011,9.6150083718491715
1.5181453011118304,10.117268886253493,9.19342056545349,9.6553198067004846
1.5209467819193199,10.156868695801442,9.2330446451021952,9.694158804705193
1.5237482627268091,10.196337893856546,9.2723993203189146,9.7334710851202217
1.5265497435342985,10.235861399581861,9.3121345673277425,9.7736961031273406
1.5293512243417879,10.275925558084902,9.3511735159851952,9.8128060377588486
1.5321527051492771,10.314883280260803,9.3912469515960471,9.8531055825978289
1.5349541859567666,10.353954495498172,9.4308754456549035,9.8919425549199538
1.537755666764256,10.393846356088709,9.4698699263797153,9.931012792359974
1.5405571475717452,10.433171061872425,9.5091150172314993,9.9714317315833387
1.5433586283792347,10.473219432238693,9.5492372340538019,10.010313304146022
1.5461601091867241,10.512824750650392,9.5888105772535503,10.050005712882289
1.5489615899942133,10.552133526771254,9.6279432160289211,10.089743379572619
1.5517630708017027,10.590986729301797,9.6684362387406662,10.128841046557366
1.5545645516091922,10.631260606078483,9.706526397494871,10.168625881623843
1.5573660324166814,10.670710830910139,9.74665536160472,10.207227304588335
1.5601675132241708,10.70961098641593,9.7860507452814751,10.247760416752508
1.5629689940316602,10.749340721010689,9.82602943835,10.287001980517005
1.5657704748391494,10.788823811622642,9.8658041497475271,10.326211394979882
1.5685719556466389,10.828346762549486,9.9052112301517674,10.365895916222728
1.5713734364541283,10.868213972641612,9.9449554425648277,10.405385032149434
1.5741749172616175,10.906769690246826,9.9830942529901758,10.44437956674928
1.5769763980691069,10.946417385387942,10.022924760679421,10.484403350046481
1.5797778788765964,10.985955877788227,10.062676890418505,10.523843075639755
1.5825793596840856,11.02575968652333,10.102178762045465,10.562812048073045
1.585380840491575,11.065065561248558,10.142411419329703,10.602857063398861
1.5881823212990644,11.104576186435416,10.181107345261536,10.642495573351626
1.5909838021065537,11.144224604435262,10.220869411633648,10.681499830097946
1.5937852829140431,11.183721498751506,10.259576162954462,10.721590726179121
1.5965867637215325,11.222735972238494,10.299843753454381,10.760899430353518
1.5993882445290217,11.262057472570831,10.339226335390856,10.800026729112176
1.6021897253365114,11.30145717941849,10.37851592916223,10.839731723528061
1.6049912061440006,11.34114528973611,10.418600153306631,10.878643469653941
1.6077926869514898,11.380741487584229,10.45640495629471,10.91830683419284
1.6105941677589795,11.420265840589407,10.496750393313956,10.958145232954349
1.6133956485664687,11.459733119526597,10.536587178524016,10.996845322205258
1.6161971293739579,11.499088933810844,10.575655540525693,11.036064790792976
1.6189986101814475,11.538598003023887,10.614905935602957,11.075586586757122
1.6218000909889367,11.577648028612131,10.653978606565349,11.114973812491021
1.6246015717964259,11.616783013261575,10.693755758630219,11.155512623271155
1.6274030526039156,11.656188174892783,10.732846535820475,11.19406883372983
1.6302045334114048,11.695528174866009,10.772841935024571,11.233592972238577
1.633006014218894,11.735488405221851,10.811976038049151,11.272767570852196
1.6358074950263837,11.774622395964123,10.851946801377757,11.312732257645832
1.6386089758338729,11.814128165745545,10.890491196139433,11.352414548825296
1.6414104566413621,11.853161176639805,10.930038916020942,11.391431728830121
1.6442119374488517,11.892332335240868,10.970294322871654,11.430992003049049
1.647013418256341,11.932157396856658,11.008922792784208,11.47001986251537
1.6498148990638302,11.971852245974315,11.048552460686766,11.510038439895869
1.6526163798713198,12.010858187358547,11.088313749771128,11.548982100912671
1.655417860678809,12.049806902584189,11.127940934835454,11.588835184912092
1.6582193414862982,12.089490335215228,11.167077560462369,11.628183318978389
1.6610208222937879,12.129112647655036,11.20563764480127,11.667624342999375
1.6638223031012771,12.168960423336092,11.245148567346535,11.706368934538578
1.6666237839087663,12.207941341027286,11.285212024071592,11.745860349048293
1.669425264716256,12.24683649734278,11.324174182723574,11.785314329674462
1.6722267455237452,12.286694865751842,11.364192941810265,11.824766748402807
1.6750282263312344,12.32598325392734,11.402951290160384,11.864198936563438
1.677829707138724,12.365446776440079,11.442703882541004,11.903468577801551
1.6806311879462132,12.405345373668172,11.482066010248353,11.942554349845823
1.6834326687537025,12.443749552712582,11.521441359264971,11.982143838889289
1.6862341495611921,12.483439581449996,11.561172990124266,12.021480668783525
1.6890356303686813,12.522755594827231,11.599903608024933,12.060600846924199
1.6918371111761705,12.562086038956865,11.639523757943493,12.099946133111473
1.6946385919836602,12.602272757642417,11.678745474223234,12.139813973424667
1.6974400727911494,12.640902045257835,11.718646371744796,12.179301434168874
1.7002415535986386,12.680104786063021,11.757992666102453,12.218335542894701
1.7030430344061283,12.719466594565455,11.796577879707275,12.257911823269824
1.7058445152136175,12.758953033149401,11.836427227384721,12.297416979253615
1.7086459960211067,12.798510515452644,11.87544038346933,12.336735014249557
1.7114474768285963,12.837305972165467,11.915194483558622,12.375947415330334
1.7142489576360855,12.876624137449515,11.954742037397322,12.414925713492753
1.7170504384435747,12.916210188374201,11.994260165599407,12.45473905373688
1.7198519192510644,12.955271280872818,12.033283256112222,12.494242820459787
1.7226534000585536,12.995483091932378,12.07253692736673,12.533318789389954
1.7254548808660428,13.034302813546864,12.112073057527715,12.572365088755525
1.7282563616735325,13.073530622090567,12.151344030333554,12.611838180249286
1.7310578424810217,13.113192743953393,12.191175267116645,12.651866346986335
1.7338593232885109,13.152644643980524,12.230481091809855,12.690536751479156
1.7366608040960005,13.191869088916576,12.269486651387336,12.729633217150768
1.7394622849034898,13.23171957898529,12.30856504228851,12.768789632066408
1.742263765710979,13.270327112986273,12.34809456552523,12.808285465170584
1.7450652465184686,13.310073740476767,12.386356460808567,12.848101370171163
1.7478667273259578,13.348825871419381,12.426350587646194,12.887310345411656
1.750668208133447,13.388936110885865,12.465892593420794,12.927159416958848
1.7534696889409367,13.428176692882182,12.505554221242372,12.965891612102807
1.7562711697484259,13.466619864827203,12.544330059366725,13.004718184473084
1.7590726505559151,13.506761466013254,12.584247608236765,13.045107413912227
1.7618741313634048,13.545556735816623,12.623438659953838,13.083662090288215
1.764675612170894,13.584923573829142,12.662333059255996,13.12327025932837
1.7674770929783832,13.624359366620514,12.702274986469904,13.162582845117543
1.7702785737858728,13.663868106179198,12.741025046560171,13.201924075000809
1.773080054593362,13.702875620810905,12.781029257700801,13.241438107865068
1.7758815354008513,13.742077527069892,12.820244514622505,13.280426715208108
1.7786830162083409,13.781960747572137,12.859687180124533,13.319534942076142
1.7814844970158301,13.820656623844817,12.89847526235905,13.359548444558037
1.7842859778233193,13.859784636148417,12.938221350927176,13.398426986732622
1.787087458630809,13.899728106176035,12.976648124565138,13.438021947998095
1.7898889394382982,13.938683399992819,13.016834048838573,13.477651557913344
1.7926904202457874,13.977515430530994,13.055435410402891,13.51624645339453
1.7954919010532771,14.0175891470309,13.094960895531072,13.555572456069008
1.7982933818607663,14.056602321223584,13.134052149684953,13.594860869851983
1.8010948626682555,14.095894837775962,13.173957869061667,13.633812789094247
1.8038963434757451,14.135312276106374,13.213624347466459,13.673583337021794
1.8066978242832343,14.174939093761571,13.252554997358764,13.712783409073152
1.8094993050907235,14.214669767995302,13.291606695787445,13.752839121008623
1.8123007858982132,14.253178667587106,13.330855657995984,13.791612749269607
1.8151022667057024,14.292898112278037,13.370189553955976,13.830350666088146
1.8179037475131916,14.331886556487783,13.409468874924238,13.870188431805005
1.8207052283206813,14.371175325688998,13.449154174961016,13.909754967730059
1.8235067091281705,14.410182822461188,13.488285331124553,13.948848798717236
1.8263081899356597,14.449663361606518,13.528246205958618,13.987732342648172
1.8291096707431493,14.488712946854733,13.566553865245652,14.027318236994084
1.8319111515506386,14.528084298516836,13.606441508157918,14.067280097452141
1.8347126323581278,14.56805032566921,13.645029312468534,14.105379189688584
1.8375141131656174,14.606999138899734,13.684489384258351,14.145885498011243
1.8403155939731066,14.646187796098388,13.724009216462955,14.184316269819069
1.8431170747805963,14.685640594812561,13.763143292266252,14.22376526686174
1.8459185555880855,14.724754534801923,13.80292258636635,14.263173442795829
1.8487200363955747,14.764195551824093,13.841866207585845,14.301910303399563
1.8515215172030643,14.803390591608519,13.88132706823002,14.341636608141441
1.8543229980105536,14.842016041864644,13.920266219476011,14.380918754398353
1.8571244788180428,14.881997126777815,13.960026068425691,14.420733348152291
1.8599259596255324,14.921273802242357,13.999800728346974,14.459426592675996
1.8627274404330216,14.96050526688729,14.038837148882488,14.499221364615103
1.8655289212405108,14.999622943370083,14.077072648344563,14.538335880696181
1.8683304020480005,15.039712253794264,14.116178934464214,14.577083884726456
1.8711318828554897,15.078627667350307,14.156270072829468,14.61667575819046
1.8739333636629789,15.117356746999588,14.195206952979168,14.656780319104669
1.8767348444704686,15.156981316713361,14.234331656169433,14.695350571112929
1.8795363252779578,15.196518750530647,14.274499579728468,14.73462054236373
1.882337806085447,15.235202570725855,14.313451149715036,14.774074605264458
1.8851392868929366,15.275796239283878,14.352381804695112,14.812888420275076
1.8879407677004258,15.314027822664354,14.392953558601871,14.852512145627029
1.8907422485079151,15.353043450229713,14.431297270250475,14.891931602637005
1.8935437293154047,15.393213173927542,14.470860683752163,14.930731273212603
1.8963452101228939,15.43110999265085,14.50969786948113,14.970960698269698
1.8991466909303831,15.470680470203167,14.549463203725294,15.009554146276145
1.9019481717378728,15.510434589432933,14.588042575387936,15.048976673302146
1.904749652545362,15.54987525154651,14.627499142085314,15.087832515634384
1.9075511333528512,15.589398706704305,14.666790822571013,15.127169862256327
1.9103526141603409,15.628345606743887,14.705978359345947,15.166710944676863
1.9131540949678301,15.667574351527154,14.745400862337016,15.206075634001945
1.9159555757753193,15.706360795265017,14.784672661307351,15.244802623907193
1.9187570565828089,15.745869458040795,14.824114125835226,15.283838179323965
1.9215585373902981,15.785523943199355,14.863775776098185,15.324068229893882
1.9243600181977873,15.824617367701753,14.902134850968567,15.363061346262882
1.927161499005277,15.863848345460118,14.94226247568295,15.402295047674562
1.9299629798127662,15.903374035655327,14.981320840090325,15.441348280365698
1.9327644606202554,15.941649945627802,15.020388748388083,15.481031612967355
1.9355659414277451,15.981704841046646,15.059227678551999,15.519606021917266
1.9383674222352343,16.020601852260203,15.099203547458435,15.56003444544328
1.9411689030427235,16.060669898922811,15.138485578180742,15.598324743073853
1.9439703838502131,16.099216439830588,15.178025069211802,15.637597520883407
1.9467718646577024,16.13856365519537,15.216517749918443,15.67665539606025
1.9495733454651916,16.177888010310362,15.25601221750418,15.716027391962335
1.9523748262726812,16.217998009994073,15.295371251014107,15.755516672319475
1.9551763070801704,16.256390417349483,15.334351141446179,15.795776785655031
1.9579777878876596,16.295417941190632,15.374360726213801,15.833479230592426
1.9607792686951493,16.335011807676004,15.412725355225714,15.87386489646453
1.9635807495026385,16.374151436101375,15.452387670501169,15.91269553195947
1.9663822303101277,16.41327594548212,15.491190377445745,15.951799785208765
1.9691837111176174,16.453415153185784,15.530883231086575,15.991331846625618
1.9719851919251066,16.492562409098497,15.569733224971285,16.030296396907332
1.9747866727325958,16.531724346088616,15.609206490176112,16.06971321231536
1.9775881535400854,16.570366877603323,15.648681548697276,16.109374606256431
1.9803896343475746,16.610266224634387,15.687957802020779,16.148740826314178
1.9831911151550639,16.648557262429986,15.726615560714659,16.187715908708423
1.9859925959625535,16.688058330508841,15.765988278952074,16.227242312111766
1.9887940767700427,16.727356732192263,15.805533339477222,16.266240534184895
1.9915955575775319,16.766760824021361,15.844640112331533,16.305956368340123
1.9943970383850216,16.806507383153324,15.88425991986937,16.344229312487602
1.9971985191925108,16.845673078977594,15.923804457324525,16.383427572799846
2,16.884095339360783,15.962925601991545,16.423205768432688
