N,LAM,C,ADEL,LEC1,LEC2,MU_ETA,MU_DEL,XI_INF,XI_FO,TSM_FO,XI_CMB,XI_BBN,RD_ETA,RD_DEL,DNEFF_CMB,DNEFF_BBN,ETA_SI_PER_MASS,DEL_SI_PER_MASS
5,1e-07,1,1,0.1,1,1,1,0.1,1.58898,2.33496e-09,0.174359,0.0761267,9.28337e-05,4.06003e+12,0.000119934,0.000119934,4.43726e+17,2.4805e+22
6,1e-07,1,1,0.1,1,1,1,0.1,1.52829,2.32127e-09,0.168688,0.0782988,0.000138063,1.10944e+10,0.000171406,0.000171406,1.95344e+17,2.06709e+22
7,1e-07,1,1,0.1,1,1,1,0.1,1.49171,2.2886e-09,0.167001,0.0859156,0.00019483,3.04409e+07,0.000249034,0.000249034,9.76199e+16,1.77179e+22
8,1e-07,1,1,0.1,1,1,1,0.1,1.45483,2.27706e-09,0.163697,0.086631,0.00026022,82899.3,0.000320984,0.000320984,5.35272e+16,1.55031e+22
9,1e-07,1,1,0.1,1,1,1,0.1,1.42459,2.26723e-09,0.16099,0.0938698,0.000335553,223.628,0.000432446,0.000432446,3.15056e+16,1.37806e+22
10,1e-07,1,1,0.1,1,1,1,0.1,1.39521,2.26795e-09,0.157619,0.0936036,0.000419134,0.598092,0.00052481,0.00052481,1.96101e+16,1.24025e+22
11,1e-07,1,1,0.1,1,1,1,0.1,1.37825,2.25058e-09,0.156905,0.100666,0.000516299,0.00158803,0.000674509,0.000674509,1.27706e+16,1.1275e+22
12,1e-07,1,1,0.1,1,1,1,0.1,1.35143,2.26384e-09,0.15295,0.099668,0.000616161,4.19093e-06,0.000786778,0.000786778,8.63305e+15,1.03354e+22
13,1e-07,1,1,0.1,1,1,1,0.1,1.34182,2.2434e-09,0.153248,0.106654,0.00073508,1.10039e-08,0.000979023,0.000979023,6.02191e+15,9.54039e+21
14,1e-07,1,1,0.1,1,1,1,0.1,1.32299,2.25038e-09,0.150629,0.105075,0.000855305,2.87839e-11,0.00111035,0.00111035,4.31423e+15,8.85894e+21
15,1e-07,1,1,0.1,1,1,1,0.1,1.31605,2.23315e-09,0.150994,0.112038,0.000994436,7.61209e-14,0.00134939,0.00134939,3.16278e+15,8.26834e+21
16,1e-07,1,1,0.1,1,1,1,0.1,1.30249,2.23612e-09,0.14924,0.10998,0.00113514,2.69401e-16,0.00149864,0.00149864,2.36559e+15,7.75157e+21
17,1e-07,1,1,0.1,1,1,1,0.1,1.29906,2.21716e-09,0.150119,0.116952,0.0012964,5.08587e-18,0.00178872,0.00178872,1.80078e+15,7.29559e+21
18,1e-07,1,1,0.1,1,1,1,0.1,1.28574,2.22617e-09,0.147979,0.114487,0.00145262,2.78297e-19,0.00195455,0.00195455,1.39237e+15,6.89028e+21
19,1e-07,1,1,0.1,1,1,1,0.1,1.27682,2.2268e-09,0.14691,0.121488,0.00162218,1.65768e-20,0.00229986,0.00229986,1.09166e+15,6.52764e+21
20,1e-07,1,1,0.1,1,1,1,0.1,1.27358,2.21496e-09,0.147321,0.118669,0.00180965,9.82583e-22,0.00248074,0.00248074,8.66652e+14,6.20126e+21
21,1e-07,1,1,0.1,1,1,1,0.1,1.26679,2.2145e-09,0.146565,0.125712,0.00199852,5.77714e-23,0.00288547,0.00288547,6.95813e+14,5.90596e+21
22,1e-07,1,1,0.1,1,1,1,0.1,1.2609,2.21356e-09,0.145947,0.12258,0.00219656,3.37118e-24,0.00307971,0.00307971,5.64388e+14,5.6375e+21
23,1e-07,1,1,0.1,1,1,1,0.1,1.26184,2.19595e-09,0.147227,0.129673,0.00241855,1.9537e-25,0.00354806,0.00354806,4.62066e+14,5.3924e+21
24,1e-07,1,1,0.1,1,1,1,0.1,1.25316,2.20583e-09,0.145559,0.126261,0.00262445,1.1251e-26,0.00375381,0.00375381,3.8153e+14,5.16771e+21
25,1e-07,1,1,0.1,1,1,1,0.1,1.25477,2.18905e-09,0.146863,0.133408,0.00286521,6.44164e-28,0.00428996,0.00428996,3.17504e+14,4.961e+21
26,1e-07,1,1,0.1,1,1,1,0.1,1.24768,2.1974e-09,0.145478,0.129743,0.00308847,3.66836e-29,0.00450528,0.00450528,2.66134e+14,4.7702e+21
27,1e-07,1,1,0.1,1,1,1,0.1,1.24757,2.18763e-09,0.146115,0.136949,0.00334006,2.07869e-30,0.00511343,0.00511343,2.24565e+14,4.59352e+21
28,1e-07,1,1,0.1,1,1,1,0.1,1.24682,2.18063e-09,0.146496,0.133053,0.00359729,1.17247e-31,0.00533624,0.00533624,1.90664e+14,4.42947e+21
29,1e-07,1,1,0.1,1,1,1,0.1,1.24427,2.17966e-09,0.146262,0.140318,0.00385534,6.58492e-33,0.00602059,0.00602059,1.62813e+14,4.27673e+21
30,1e-07,1,1,0.1,1,1,1,0.1,1.23676,2.19387e-09,0.144437,0.13621,0.00409961,3.68345e-34,0.00624875,0.00624875,1.39776e+14,4.13417e+21
31,1e-07,1,1,0.1,1,1,1,0.1,1.23446,2.19414e-09,0.14415,0.143536,0.00436977,2.05272e-35,0.00701348,0.00701348,1.20601e+14,4.00081e+21
32,1e-07,1,1,0.1,1,1,1,0.1,1.23282,2.19333e-09,0.144012,0.139232,0.00464883,1.13993e-36,0.00724473,0.00724473,1.04545e+14,3.87578e+21
33,1e-07,1,1,0.1,1,1,1,0.1,1.23233,2.18984e-09,0.144185,0.146618,0.00493954,6.30942e-38,0.00809405,0.00809405,9.10263e+13,3.75834e+21
34,1e-07,1,1,0.1,1,1,1,0.1,1.23772,2.16971e-09,0.146159,0.142133,0.00526593,3.48137e-39,0.00832609,0.00832609,7.95838e+13,3.6478e+21
35,1e-07,1,1,0.1,1,1,1,0.1,1.23551,2.17255e-09,0.145707,0.14958,0.00556129,1.9153e-40,0.00926418,0.00926418,6.98511e+13,3.54357e+21
36,1e-07,1,1,0.1,1,1,1,0.1,1.23315,2.17649e-09,0.145166,0.144924,0.00586063,1.0508e-41,0.00949464,0.00949464,6.15345e+13,3.44514e+21
37,1e-07,1,1,0.1,1,1,1,0.1,1.23001,2.18351e-09,0.144331,0.152431,0.00615955,5.74996e-43,0.0105257,0.0105257,5.43966e+13,3.35203e+21
38,1e-07,1,1,0.1,1,1,1,0.1,1.23386,2.16992e-09,0.145689,0.147616,0.00650523,3.13857e-44,0.0107521,0.0107521,4.82451e+13,3.26382e+21
39,1e-07,1,1,0.1,1,1,1,0.1,1.23164,2.17523e-09,0.145072,0.155182,0.00681959,1.70913e-45,0.0118804,0.0118804,4.29229e+13,3.18013e+21
40,1e-07,1,1,0.1,1,1,1,0.1,1.23609,2.16064e-09,0.146579,0.150217,0.00718127,9.28637e-47,0.0121003,0.0121003,3.8301e+13,3.10063e+21
41,1e-07,1,1,0.1,1,1,1,0.1,1.23368,2.1675e-09,0.14583,0.157842,0.00750399,5.03492e-48,0.0133299,0.0133299,3.4273e+13,3.025e+21
42,1e-07,1,1,0.1,1,1,1,0.1,1.23057,2.17712e-09,0.14482,0.152736,0.00782436,2.72432e-49,0.0135407,0.0135407,3.07509e+13,2.95298e+21
43,1e-07,1,1,0.1,1,1,1,0.1,1.23259,2.17118e-09,0.145454,0.160417,0.00818572,1.47124e-50,0.0148759,0.0148759,2.76612e+13,2.8843e+21
44,1e-07,1,1,0.1,1,1,1,0.1,1.23113,2.17659e-09,0.144921,0.155178,0.00852511,7.93064e-52,0.015075,0.015075,2.49426e+13,2.81875e+21
45,1e-07,1,1,0.1,1,1,1,0.1,1.23167,2.17608e-09,0.145018,0.162916,0.00888374,4.26743e-53,0.01652,0.01652,2.25436e+13,2.75611e+21
46,1e-07,1,1,0.1,1,1,1,0.1,1.23746,2.15916e-09,0.146842,0.15755,0.00928942,2.29241e-54,0.0167048,0.0167048,2.04206e+13,2.6962e+21
47,1e-07,1,1,0.1,1,1,1,0.1,1.23454,2.17036e-09,0.145739,0.165342,0.00962819,1.22946e-55,0.0182638,0.0182638,1.8537e+13,2.63883e+21
48,1e-07,1,1,0.1,1,1,1,0.1,1.23732,2.16361e-09,0.146524,0.159856,0.0100183,6.58365e-57,0.0184317,0.0184317,1.68614e+13,2.58386e+21
49,1e-07,1,1,0.1,1,1,1,0.1,1.23846,2.16247e-09,0.146735,0.167702,0.0103979,3.52025e-58,0.0201087,0.0201087,1.53673e+13,2.53112e+21
50,1e-07,1,1,0.1,1,1,1,0.1,1.2371,2.16977e-09,0.146081,0.162101,0.010758,1.87958e-59,0.020257,0.020257,1.40318e+13,2.4805e+21
51,1e-07,1,1,0.1,1,1,1,0.1,1.23998,2.16349e-09,0.146847,0.17,0.0111606,1.00219e-60,0.0220564,0.0220564,1.28355e+13,2.43186e+21
52,1e-07,1,1,0.1,1,1,1,0.1,1.24218,2.1597e-09,0.147366,0.16429,0.0115603,5.33669e-62,0.0221823,0.0221823,1.17616e+13,2.3851e+21
53,1e-07,1,1,0.1,1,1,1,0.1,1.24547,2.15254e-09,0.148248,0.17224,0.0119737,2.83819e-63,0.0241082,0.0241082,1.07954e+13,2.3401e+21
54,1e-07,1,1,0.1,1,1,1,0.1,1.247,2.15143e-09,0.148506,0.166426,0.0123734,1.50758e-64,0.024209,0.024209,9.92448e+12,2.29676e+21
55,1e-07,1,1,0.1,1,1,1,0.1,1.24924,2.14817e-09,0.148998,0.174426,0.012783,7.99851e-66,0.0262656,0.0262656,9.13792e+12,2.255e+21
56,1e-07,1,1,0.1,1,1,1,0.1,1.24665,2.16132e-09,0.147784,0.168512,0.0131455,4.23882e-67,0.0263386,0.0263386,8.42623e+12,2.21473e+21
57,1e-07,1,1,0.1,1,1,1,0.1,1.24845,2.16001e-09,0.148087,0.176561,0.0135552,2.24391e-68,0.02853,0.02853,7.78113e+12,2.17588e+21
58,1e-07,1,1,0.1,1,1,1,0.1,1.2514,2.15502e-09,0.148781,0.170551,0.0139798,1.18661e-69,0.0285723,0.0285723,7.19538e+12,2.13836e+21
59,1e-07,1,1,0.1,1,1,1,0.1,1.25367,2.1525e-09,0.149226,0.178647,0.0143995,6.26851e-71,0.0309027,0.0309027,6.66263e+12,2.10212e+21
60,1e-07,1,1,0.1,1,1,1,0.1,1.25487,2.15382e-09,0.149278,0.172546,0.0148093,3.30821e-72,0.0309115,0.0309115,6.1773e+12,2.06709e+21
61,1e-07,1,1,0.1,1,1,1,0.1,1.25749,2.1505e-09,0.14982,0.180689,0.0152369,1.74425e-73,0.0333851,0.0333851,5.7345e+12,2.0332e+21
62,1e-07,1,1,0.1,1,1,1,0.1,1.25954,2.14928e-09,0.15015,0.1745,0.0156601,9.18801e-75,0.0333576,0.0333576,5.32987e+12,2.0004e+21
63,1e-07,1,1,0.1,1,1,1,0.1,1.26217,2.14627e-09,0.150673,0.182688,0.0160915,4.83555e-76,0.0359785,0.0359785,4.95961e+12,1.96865e+21
64,1e-07,1,1,0.1,1,1,1,0.1,1.26415,2.14561e-09,0.150957,0.176414,0.0165171,2.5427e-77,0.0359119,0.0359119,4.6203e+12,1.93789e+21
65,1e-07,1,1,0.1,1,1,1,0.1,1.2656,2.14701e-09,0.151031,0.184646,0.0169376,1.33591e-78,0.0386842,0.0386842,4.30893e+12,1.90808e+21
66,1e-07,1,1,0.1,1,1,1,0.1,1.26762,2.14659e-09,0.151301,0.178292,0.017366,7.01306e-80,0.0385756,0.0385756,4.02283e+12,1.87917e+21
67,1e-07,1,1,0.1,1,1,1,0.1,1.26967,2.14621e-09,0.151573,0.186566,0.0177959,3.6787e-81,0.0415035,0.0415035,3.75961e+12,1.85112e+21
68,1e-07,1,1,0.1,1,1,1,0.1,1.27161,2.14636e-09,0.151794,0.180133,0.0182255,1.92818e-82,0.0413501,0.0413501,3.51714e+12,1.8239e+21
69,1e-07,1,1,0.1,1,1,1,0.1,1.27341,2.14718e-09,0.151951,0.18845,0.018654,1.0099e-83,0.0444376,0.0444376,3.29351e+12,1.79747e+21
70,1e-07,1,1,0.1,1,1,1,0.1,1.27506,2.14869e-09,0.152041,0.181942,0.0190811,5.28558e-85,0.0442365,0.0442365,3.08701e+12,1.77179e+21
71,1e-07,1,1,0.1,1,1,1,0.1,1.2767,2.15041e-09,0.152114,0.190299,0.0195084,2.76441e-86,0.0474878,0.0474878,2.89612e+12,1.74683e+21
72,1e-07,1,1,0.1,1,1,1,0.1,1.2785,2.15169e-09,0.152239,0.183718,0.0199382,1.44483e-87,0.0472362,0.0472362,2.71946e+12,1.72257e+21
73,1e-07,1,1,0.1,1,1,1,0.1,1.28601,2.1324e-09,0.154519,0.192115,0.020444,7.54641e-89,0.0506553,0.0506553,2.5558e+12,1.69897e+21
74,1e-07,1,1,0.1,1,1,1,0.1,1.28761,2.1346e-09,0.154551,0.185464,0.0208729,3.93898e-90,0.0503502,0.0503502,2.40401e+12,1.67601e+21
75,1e-07,1,1,0.1,1,1,1,0.1,1.28731,2.14386e-09,0.153848,0.1939,0.0212763,2.05472e-91,0.0539412,0.0539412,2.2631e+12,1.65367e+21
76,1e-07,1,1,0.1,1,1,1,0.1,1.29067,2.13994e-09,0.154531,0.187182,0.0217284,1.07117e-92,0.0535799,0.0535799,2.13215e+12,1.63191e+21
77,1e-07,1,1,0.1,1,1,1,0.1,1.29184,2.14417e-09,0.154367,0.195655,0.0221506,5.58086e-94,0.0573469,0.0573469,2.01035e+12,1.61072e+21
78,1e-07,1,1,0.1,1,1,1,0.1,1.29363,2.14626e-09,0.15443,0.188871,0.0225808,2.90598e-95,0.0569264,0.0569264,1.89694e+12,1.59007e+21
79,1e-07,1,1,0.1,1,1,1,0.1,1.30074,2.1287e-09,0.156561,0.197381,0.0230844,1.5123e-96,0.0608734,0.0608734,1.79126e+12,1.56994e+21
80,1e-07,1,1,0.1,1,1,1,0.1,1.30223,2.13208e-09,0.15649,0.190534,0.0235109,7.86579e-98,0.0603908,0.0603908,1.69268e+12,1.55031e+21
81,1e-07,1,1,0.1,1,1,1,0.1,1.3036,2.136e-09,0.156368,0.199079,0.0239351,4.08896e-99,0.0645218,0.0645218,1.60065e+12,1.53117e+21
82,1e-07,1,1,0.1,1,1,1,0.1,1.30479,2.1408e-09,0.15616,0.192171,0.0243554,2.12449e-100,0.0639743,0.0639743,1.51467e+12,1.5125e+21
83,1e-07,1,1,0.1,1,1,1,0.1,1.30631,2.1445e-09,0.156071,0.200751,0.0247793,1.10325e-101,0.0682935,0.0682935,1.43426e+12,1.49428e+21
84,1e-07,1,1,0.1,1,1,1,0.1,1.31326,2.12769e-09,0.158142,0.193784,0.0252805,5.72631e-103,0.0676781,0.0676781,1.35901e+12,1.47649e+21
85,1e-07,1,1,0.1,1,1,1,0.1,1.31454,2.13242e-09,0.157945,0.202398,0.0257007,2.97073e-104,0.0721893,0.0721893,1.28853e+12,1.45912e+21
86,1e-07,1,1,0.1,1,1,1,0.1,1.31581,2.13735e-09,0.157733,0.195374,0.0261192,1.54044e-105,0.0715033,0.0715033,1.22247e+12,1.44215e+21
87,1e-07,1,1,0.1,1,1,1,0.1,1.32264,2.12116e-09,0.159761,0.204021,0.0266151,7.98403e-107,0.0762106,0.0762106,1.16049e+12,1.42558e+21
88,1e-07,1,1,0.1,1,1,1,0.1,1.32347,2.12791e-09,0.159355,0.196942,0.0270268,4.1362e-108,0.075451,0.075451,1.10232e+12,1.40938e+21
89,1e-07,1,1,0.1,1,1,1,0.1,1.32506,2.1319e-09,0.159248,0.20562,0.0274471,2.14184e-109,0.0803583,0.0803583,1.04767e+12,1.39354e+21
90,1e-07,1,1,0.1,1,1,1,0.1,1.32626,2.13756e-09,0.15897,0.198488,0.0278598,1.10862e-110,0.0795222,0.0795222,9.96296e+11,1.37806e+21
91,1e-07,1,1,0.1,1,1,1,0.1,1.33279,2.12257e-09,0.160881,0.207197,0.0283487,5.7358e-112,0.0846335,0.0846335,9.47967e+11,1.36291e+21
92,1e-07,1,1,0.1,1,1,1,0.1,1.33355,2.13008e-09,0.160405,0.200013,0.0287537,2.96636e-113,0.0837181,0.0837181,9.02473e+11,1.3481e+21
93,1e-07,1,1,0.1,1,1,1,0.1,1.33492,2.1354e-09,0.160169,0.208753,0.0291649,1.53347e-114,0.0890374,0.0890374,8.5962e+11,1.3336e+21
94,1e-07,1,1,0.1,1,1,1,0.1,1.34126,2.12119e-09,0.162009,0.201518,0.0296473,7.92417e-116,0.0880398,0.0880398,8.19227e+11,1.31942e+21
95,1e-07,1,1,0.1,1,1,1,0.1,1.34288,2.12565e-09,0.161863,0.210287,0.0300602,4.09319e-117,0.093571,0.093571,7.8113e+11,1.30553e+21
96,1e-07,1,1,0.1,1,1,1,0.1,1.34392,2.13252e-09,0.161467,0.203004,0.0304624,2.11351e-118,0.0924884,0.0924884,7.45176e+11,1.29193e+21
97,1e-07,1,1,0.1,1,1,1,0.1,1.35042,2.11776e-09,0.163379,0.211802,0.0309421,1.09089e-119,0.0982353,0.0982353,7.11225e+11,1.27861e+21
98,1e-07,1,1,0.1,1,1,1,0.1,1.35149,2.12465e-09,0.162979,0.204471,0.0313426,5.62861e-121,0.0970648,0.0970648,6.79145e+11,1.26556e+21
99,1e-07,1,1,0.1,1,1,1,0.1,1.35256,2.1317e-09,0.162569,0.213297,0.0317401,2.90311e-122,0.103031,0.103031,6.48816e+11,1.25278e+21
100,1e-07,1,1,0.1,1,1,1,0.1,1.3589,2.11763e-09,0.164415,0.205921,0.0322125,1.49683e-123,0.10177,0.10177,6.20126e+11,1.24025e+21
5,1.2045e-07,1,1,0.1,1,1,1,0.1,1.57716,2.83998e-09,0.142287,0.0761313,0.000115812,4.06003e+12,0.000119949,0.000119949,2.53916e+17,1.41943e+22
6,1.2045e-07,1,1,0.1,1,1,1,0.1,1.51672,2.82419e-09,0.137599,0.078309,0.000172146,1.10944e+10,0.00017145,0.00017145,1.11783e+17,1.18286e+22
7,1.2045e-07,1,1,0.1,1,1,1,0.1,1.46961,2.81218e-09,0.133894,0.0859239,0.000240295,3.04409e+07,0.000249081,0.000249081,5.58617e+16,1.01388e+22
8,1.2045e-07,1,1,0.1,1,1,1,0.1,1.43835,2.78528e-09,0.132313,0.0866478,0.000322509,82899.4,0.000321105,0.000321105,3.06302e+16,8.87147e+21
9,1.2045e-07,1,1,0.1,1,1,1,0.1,1.40952,2.77086e-09,0.130335,0.0938826,0.000416212,223.628,0.000432563,0.000432563,1.80287e+16,7.88575e+21
10,1.2045e-07,1,1,0.1,1,1,1,0.1,1.38514,2.75921e-09,0.128621,0.0936283,0.000522218,0.598092,0.000525078,0.000525078,1.12216e+16,7.09717e+21
11,1.2045e-07,1,1,0.1,1,1,1,0.1,1.35863,2.76559e-09,0.125868,0.100684,0.000636789,0.00158803,0.000674749,0.000674749,7.30783e+15,6.45198e+21
12,1.2045e-07,1,1,0.1,1,1,1,0.1,1.34187,2.75421e-09,0.124829,0.0997017,0.000767533,4.19093e-06,0.00078729,0.00078729,4.94015e+15,5.91431e+21
13,1.2045e-07,1,1,0.1,1,1,1,0.1,1.33241,2.72933e-09,0.12508,0.106678,0.000915408,1.1004e-08,0.000979461,0.000979461,3.44596e+15,5.45936e+21
14,1.2045e-07,1,1,0.1,1,1,1,0.1,1.31381,2.73783e-09,0.12295,0.105119,0.00106509,2.87878e-11,0.00111123,0.00111123,2.46876e+15,5.06941e+21
15,1.2045e-07,1,1,0.1,1,1,1,0.1,1.30699,2.71687e-09,0.123256,0.112069,0.00123802,7.63684e-14,0.00135013,0.00135013,1.80986e+15,4.73145e+21
16,1.2045e-07,1,1,0.1,1,1,1,0.1,1.2936,2.72048e-09,0.121831,0.110035,0.00141309,2.84729e-16,0.00150007,0.00150007,1.35368e+15,4.43573e+21
17,1.2045e-07,1,1,0.1,1,1,1,0.1,1.28154,2.72453e-09,0.120516,0.116991,0.0015989,6.02303e-18,0.00178987,0.00178987,1.03047e+15,4.17481e+21
18,1.2045e-07,1,1,0.1,1,1,1,0.1,1.27711,2.70838e-09,0.120816,0.114554,0.00180774,3.34944e-19,0.00195672,0.00195672,7.96763e+14,3.94287e+21
19,1.2045e-07,1,1,0.1,1,1,1,0.1,1.26832,2.70915e-09,0.11995,0.121535,0.00201855,1.99661e-20,0.00230157,0.00230157,6.24689e+14,3.73535e+21
20,1.2045e-07,1,1,0.1,1,1,1,0.1,1.26517,2.69474e-09,0.120291,0.118749,0.00225132,1.18352e-21,0.00248389,0.00248389,4.9593e+14,3.54859e+21
21,1.2045e-07,1,1,0.1,1,1,1,0.1,1.25849,2.69418e-09,0.119681,0.125767,0.002486,6.95858e-23,0.00288793,0.00288793,3.9817e+14,3.37961e+21
22,1.2045e-07,1,1,0.1,1,1,1,0.1,1.25271,2.69304e-09,0.119182,0.122673,0.00273201,4.0606e-24,0.00308412,0.00308412,3.22963e+14,3.22599e+21
23,1.2045e-07,1,1,0.1,1,1,1,0.1,1.24561,2.69846e-09,0.118269,0.129737,0.00298261,2.35324e-25,0.00355147,0.00355147,2.64411e+14,3.08573e+21
24,1.2045e-07,1,1,0.1,1,1,1,0.1,1.24514,2.68363e-09,0.118877,0.126369,0.0032632,1.35518e-26,0.00375981,0.00375981,2.18326e+14,2.95716e+21
25,1.2045e-07,1,1,0.1,1,1,1,0.1,1.23887,2.68999e-09,0.118,0.133482,0.00353339,7.75897e-28,0.00429457,0.00429457,1.81688e+14,2.83887e+21
26,1.2045e-07,1,1,0.1,1,1,1,0.1,1.23981,2.67338e-09,0.118823,0.129867,0.00383893,4.41856e-29,0.00451325,0.00451325,1.52291e+14,2.72968e+21
27,1.2045e-07,1,1,0.1,1,1,1,0.1,1.232,2.68824e-09,0.117422,0.137033,0.00411851,2.50379e-30,0.00511951,0.00511951,1.28505e+14,2.62858e+21
28,1.2045e-07,1,1,0.1,1,1,1,0.1,1.23137,2.67964e-09,0.117738,0.133193,0.00443595,1.41225e-31,0.00534661,0.00534661,1.09105e+14,2.5347e+21
29,1.2045e-07,1,1,0.1,1,1,1,0.1,1.22897,2.67845e-09,0.117561,0.140413,0.00475392,7.93156e-33,0.00602845,0.00602845,9.31675e+13,2.4473e+21
30,1.2045e-07,1,1,0.1,1,1,1,0.1,1.22919,2.66909e-09,0.117994,0.136367,0.00509312,4.43673e-34,0.00626197,0.00626197,7.99852e+13,2.36572e+21
31,1.2045e-07,1,1,0.1,1,1,1,0.1,1.22696,2.66942e-09,0.117766,0.143642,0.0054281,2.47251e-35,0.00702347,0.00702347,6.90125e+13,2.28941e+21
32,1.2045e-07,1,1,0.1,1,1,1,0.1,1.22538,2.66842e-09,0.117658,0.139406,0.00577398,1.37305e-36,0.00726135,0.00726135,5.98247e+13,2.21787e+21
33,1.2045e-07,1,1,0.1,1,1,1,0.1,1.22495,2.66418e-09,0.117804,0.146736,0.00613407,7.59972e-38,0.00810655,0.00810655,5.20886e+13,2.15066e+21
34,1.2045e-07,1,1,0.1,1,1,1,0.1,1.22303,2.66622e-09,0.117529,0.142325,0.00649228,4.19332e-39,0.00834666,0.00834666,4.55408e+13,2.0874e+21
35,1.2045e-07,1,1,0.1,1,1,1,0.1,1.22096,2.6697e-09,0.117177,0.14971,0.00685568,2.30699e-40,0.00927963,0.00927963,3.99714e+13,2.02776e+21
36,1.2045e-07,1,1,0.1,1,1,1,0.1,1.22592,2.64794e-09,0.11862,0.145135,0.00727418,1.26569e-41,0.00951979,0.00951979,3.52123e+13,1.97144e+21
37,1.2045e-07,1,1,0.1,1,1,1,0.1,1.22285,2.65648e-09,0.117943,0.152574,0.00764477,6.92585e-43,0.0105446,0.0105446,3.11277e+13,1.91815e+21
38,1.2045e-07,1,1,0.1,1,1,1,0.1,1.22672,2.63994e-09,0.119057,0.147846,0.00807167,3.78042e-44,0.0107825,0.0107825,2.76076e+13,1.86768e+21
39,1.2045e-07,1,1,0.1,1,1,1,0.1,1.22456,2.6464e-09,0.118558,0.155338,0.00846109,2.05865e-45,0.0119032,0.0119032,2.45621e+13,1.81979e+21
40,1.2045e-07,1,1,0.1,1,1,1,0.1,1.22202,2.65508e-09,0.117925,0.150468,0.00885159,1.11855e-46,0.0121367,0.0121367,2.19172e+13,1.77429e+21
41,1.2045e-07,1,1,0.1,1,1,1,0.1,1.22668,2.637e-09,0.119187,0.158011,0.00930711,6.06458e-48,0.0133571,0.0133571,1.96123e+13,1.73102e+21
42,1.2045e-07,1,1,0.1,1,1,1,0.1,1.22365,2.64871e-09,0.118366,0.153007,0.00970413,3.28145e-49,0.0135839,0.0135839,1.75968e+13,1.6898e+21
43,1.2045e-07,1,1,0.1,1,1,1,0.1,1.2257,2.64148e-09,0.118889,0.160601,0.0101504,1.77212e-50,0.0149082,0.0149082,1.58288e+13,1.65051e+21
44,1.2045e-07,1,1,0.1,1,1,1,0.1,1.2243,2.64806e-09,0.118458,0.15547,0.0105704,9.55248e-52,0.0151259,0.0151259,1.42731e+13,1.61299e+21
45,1.2045e-07,1,1,0.1,1,1,1,0.1,1.22489,2.64744e-09,0.118542,0.163113,0.0110136,5.14013e-53,0.0165581,0.0165581,1.29003e+13,1.57715e+21
46,1.2045e-07,1,1,0.1,1,1,1,0.1,1.22395,2.65326e-09,0.118193,0.157863,0.0114459,2.76121e-54,0.0167643,0.0167643,1.16854e+13,1.54286e+21
47,1.2045e-07,1,1,0.1,1,1,1,0.1,1.22783,2.64049e-09,0.11914,0.165555,0.0119327,1.48089e-55,0.0183082,0.0183082,1.06075e+13,1.51004e+21
48,1.2045e-07,1,1,0.1,1,1,1,0.1,1.23064,2.63227e-09,0.119786,0.160191,0.0124137,7.93003e-57,0.0185007,0.0185007,9.64872e+12,1.47858e+21
49,1.2045e-07,1,1,0.1,1,1,1,0.1,1.23181,2.63088e-09,0.119963,0.16793,0.0128823,4.24015e-58,0.0201604,0.0201604,8.79373e+12,1.4484e+21
50,1.2045e-07,1,1,0.1,1,1,1,0.1,1.23051,2.63977e-09,0.119433,0.16246,0.0133276,2.26396e-59,0.0203366,0.0203366,8.02953e+12,1.41943e+21
51,1.2045e-07,1,1,0.1,1,1,1,0.1,1.23342,2.63212e-09,0.120063,0.170244,0.0138237,1.20715e-60,0.022116,0.022116,7.34496e+12,1.3916e+21
52,1.2045e-07,1,1,0.1,1,1,1,0.1,1.23565,2.62751e-09,0.120491,0.164671,0.0143163,6.42806e-62,0.0222736,0.0222736,6.73039e+12,1.36484e+21
53,1.2045e-07,1,1,0.1,1,1,1,0.1,1.2325,2.64511e-09,0.119384,0.1725,0.0147478,3.41861e-63,0.0241766,0.0241766,6.17752e+12,1.33909e+21
54,1.2045e-07,1,1,0.1,1,1,1,0.1,1.23409,2.64375e-09,0.1196,0.166831,0.0152393,1.81589e-64,0.0243131,0.0243131,5.67915e+12,1.31429e+21
55,1.2045e-07,1,1,0.1,1,1,1,0.1,1.23639,2.63975e-09,0.120004,0.174702,0.0157432,9.63423e-66,0.0263437,0.0263437,5.22906e+12,1.2904e+21
56,1.2045e-07,1,1,0.1,1,1,1,0.1,1.24026,2.62948e-09,0.120851,0.168941,0.016271,5.10567e-67,0.0264567,0.0264567,4.8218e+12,1.26735e+21
57,1.2045e-07,1,1,0.1,1,1,1,0.1,1.2421,2.62789e-09,0.121103,0.176853,0.0167757,2.7028e-68,0.0286187,0.0286187,4.45265e+12,1.24512e+21
58,1.2045e-07,1,1,0.1,1,1,1,0.1,1.24507,2.62182e-09,0.121673,0.171005,0.0172981,1.42927e-69,0.0287057,0.0287057,4.11746e+12,1.22365e+21
59,1.2045e-07,1,1,0.1,1,1,1,0.1,1.24737,2.61875e-09,0.122041,0.178957,0.0178146,7.55044e-71,0.031003,0.031003,3.8126e+12,1.20291e+21
60,1.2045e-07,1,1,0.1,1,1,1,0.1,1.24861,2.62036e-09,0.122088,0.173025,0.0183194,3.98475e-72,0.0310616,0.0310616,3.53488e+12,1.18286e+21
61,1.2045e-07,1,1,0.1,1,1,1,0.1,1.25125,2.61632e-09,0.122535,0.181016,0.0188453,2.10095e-73,0.0334981,0.0334981,3.28149e+12,1.16347e+21
62,1.2045e-07,1,1,0.1,1,1,1,0.1,1.25334,2.61484e-09,0.122809,0.175004,0.0193658,1.1067e-74,0.0335258,0.0335258,3.04995e+12,1.14471e+21
63,1.2045e-07,1,1,0.1,1,1,1,0.1,1.25599,2.61117e-09,0.123241,0.183033,0.0198961,5.82444e-76,0.0361052,0.0361052,2.83807e+12,1.12654e+21
64,1.2045e-07,1,1,0.1,1,1,1,0.1,1.258,2.61037e-09,0.123476,0.176944,0.0204195,3.06269e-77,0.0360996,0.0360996,2.6439e+12,1.10893e+21
65,1.2045e-07,1,1,0.1,1,1,1,0.1,1.25949,2.61207e-09,0.123542,0.18501,0.0209369,1.60911e-78,0.0388259,0.0388259,2.46573e+12,1.09187e+21
66,1.2045e-07,1,1,0.1,1,1,1,0.1,1.26153,2.61157e-09,0.123766,0.178848,0.0214635,8.44725e-80,0.0387845,0.0387845,2.30201e+12,1.07533e+21
67,1.2045e-07,1,1,0.1,1,1,1,0.1,1.26361,2.6111e-09,0.123992,0.186948,0.0219919,4.431e-81,0.0416613,0.0416613,2.15139e+12,1.05928e+21
68,1.2045e-07,1,1,0.1,1,1,1,0.1,1.26559,2.61129e-09,0.124177,0.180717,0.0225198,2.3225e-82,0.0415817,0.0415817,2.01264e+12,1.0437e+21
69,1.2045e-07,1,1,0.1,1,1,1,0.1,1.26742,2.61228e-09,0.12431,0.188851,0.0230464,1.21642e-83,0.0446129,0.0446129,1.88467e+12,1.02858e+21
70,1.2045e-07,1,1,0.1,1,1,1,0.1,1.2691,2.61411e-09,0.124387,0.182552,0.0235713,6.3665e-85,0.0444925,0.0444925,1.7665e+12,1.01388e+21
71,1.2045e-07,1,1,0.1,1,1,1,0.1,1.27077,2.61621e-09,0.124451,0.190719,0.0240963,3.32974e-86,0.0476818,0.0476818,1.65727e+12,9.99602e+20
72,1.2045e-07,1,1,0.1,1,1,1,0.1,1.27261,2.61776e-09,0.124557,0.184356,0.0246242,1.7403e-87,0.0475183,0.0475183,1.55618e+12,9.85718e+20
73,1.2045e-07,1,1,0.1,1,1,1,0.1,1.27425,2.62038e-09,0.124593,0.192555,0.025149,9.08968e-89,0.0508694,0.0508694,1.46252e+12,9.72215e+20
74,1.2045e-07,1,1,0.1,1,1,1,0.1,1.27591,2.62308e-09,0.124627,0.18613,0.025674,4.74451e-90,0.0506603,0.0506603,1.37566e+12,9.59077e+20
75,1.2045e-07,1,1,0.1,1,1,1,0.1,1.28149,2.60824e-09,0.125884,0.19436,0.0262647,2.47492e-91,0.054177,0.054177,1.29503e+12,9.4629e+20
76,1.2045e-07,1,1,0.1,1,1,1,0.1,1.28486,2.60347e-09,0.126447,0.187875,0.0268184,1.29022e-92,0.0539199,0.0539199,1.2201e+12,9.33838e+20
77,1.2045e-07,1,1,0.1,1,1,1,0.1,1.28607,2.60861e-09,0.126316,0.196134,0.0273369,6.72217e-94,0.0576057,0.0576057,1.1504e+12,9.21711e+20
78,1.2045e-07,1,1,0.1,1,1,1,0.1,1.28789,2.61116e-09,0.126372,0.189593,0.0278647,3.50026e-95,0.0572981,0.0572981,1.0855e+12,9.09894e+20
79,1.2045e-07,1,1,0.1,1,1,1,0.1,1.28929,2.61582e-09,0.126284,0.197881,0.0283844,1.82157e-96,0.0611569,0.0611569,1.02502e+12,8.98376e+20
80,1.2045e-07,1,1,0.1,1,1,1,0.1,1.29084,2.61998e-09,0.126235,0.191285,0.0289056,9.47437e-98,0.0607964,0.0607964,9.68613e+11,8.87147e+20
81,1.2045e-07,1,1,0.1,1,1,1,0.1,1.29792,2.59868e-09,0.127967,0.1996,0.029522,4.92517e-99,0.0648316,0.0648316,9.15952e+11,8.76194e+20
82,1.2045e-07,1,1,0.1,1,1,1,0.1,1.29914,2.60452e-09,0.127801,0.192951,0.0300377,2.55896e-100,0.0644158,0.0644158,8.66748e+11,8.65509e+20
83,1.2045e-07,1,1,0.1,1,1,1,0.1,1.3007,2.60902e-09,0.127733,0.201294,0.0305574,1.32887e-101,0.0686312,0.0686312,8.20737e+11,8.55081e+20
84,1.2045e-07,1,1,0.1,1,1,1,0.1,1.30206,2.61458e-09,0.127595,0.194594,0.0310722,6.89736e-103,0.0681577,0.0681577,7.77676e+11,8.44901e+20
85,1.2045e-07,1,1,0.1,1,1,1,0.1,1.30896,2.59432e-09,0.129272,0.202962,0.0316826,3.57826e-104,0.0725568,0.0725568,7.37344e+11,8.34961e+20
86,1.2045e-07,1,1,0.1,1,1,1,0.1,1.31026,2.60032e-09,0.129103,0.196214,0.0321956,1.85546e-105,0.0720232,0.0720232,6.9954e+11,8.25253e+20
87,1.2045e-07,1,1,0.1,1,1,1,0.1,1.31156,2.60656e-09,0.128922,0.204606,0.0327063,9.61679e-107,0.0766096,0.0766096,6.64077e+11,8.15767e+20
88,1.2045e-07,1,1,0.1,1,1,1,0.1,1.31795,2.58883e-09,0.130437,0.197811,0.0333035,4.98207e-108,0.0760135,0.0760135,6.30788e+11,8.06497e+20
89,1.2045e-07,1,1,0.1,1,1,1,0.1,1.31957,2.59369e-09,0.130353,0.206228,0.0338181,2.57986e-109,0.0807907,0.0807907,5.99515e+11,7.97435e+20
90,1.2045e-07,1,1,0.1,1,1,1,0.1,1.32081,2.60057e-09,0.13013,0.199388,0.0343239,1.33534e-110,0.0801297,0.0801297,5.70117e+11,7.88575e+20
91,1.2045e-07,1,1,0.1,1,1,1,0.1,1.32192,2.60829e-09,0.129853,0.207827,0.0348244,6.9088e-112,0.0851013,0.0851013,5.42462e+11,7.79909e+20
92,1.2045e-07,1,1,0.1,1,1,1,0.1,1.32813,2.59148e-09,0.13131,0.200944,0.0354143,3.57299e-113,0.0843731,0.0843731,5.16428e+11,7.71432e+20
93,1.2045e-07,1,1,0.1,1,1,1,0.1,1.32953,2.59795e-09,0.131121,0.209405,0.0359177,1.84707e-114,0.0895426,0.0895426,4.91906e+11,7.63137e+20
94,1.2045e-07,1,1,0.1,1,1,1,0.1,1.33053,2.60659e-09,0.130784,0.20248,0.0364108,9.54469e-116,0.0887448,0.0887448,4.68792e+11,7.55018e+20
95,1.2045e-07,1,1,0.1,1,1,1,0.1,1.33752,2.58609e-09,0.132514,0.210963,0.0370086,4.93026e-117,0.0941156,0.0941156,4.46991e+11,7.47071e+20
96,1.2045e-07,1,1,0.1,1,1,1,0.1,1.3386,2.59444e-09,0.132194,0.203997,0.037501,2.54573e-118,0.0932458,0.0932458,4.26417e+11,7.39289e+20
97,1.2045e-07,1,1,0.1,1,1,1,0.1,1.33981,2.60238e-09,0.131909,0.212501,0.0379922,1.31399e-119,0.0988214,0.0988214,4.06989e+11,7.31667e+20
98,1.2045e-07,1,1,0.1,1,1,1,0.1,1.3462,2.58486e-09,0.133437,0.205496,0.038573,6.77968e-121,0.0978775,0.0978775,3.88632e+11,7.24201e+20
99,1.2045e-07,1,1,0.1,1,1,1,0.1,1.34731,2.59344e-09,0.133105,0.214019,0.0390594,3.49681e-122,0.103661,0.103661,3.71276e+11,7.16886e+20
100,1.2045e-07,1,1,0.1,1,1,1,0.1,1.35364,2.57633e-09,0.134619,0.206978,0.0396322,1.80294e-123,0.102641,0.102641,3.54859e+11,7.09717e+20
5,1.45083e-07,1,1,0.1,1,1,1,0.1,1.56311,3.46095e-09,0.115717,0.076138,0.000144155,4.06003e+12,0.000119969,0.000119969,1.453e+17,8.12253e+21
6,1.45083e-07,1,1,0.1,1,1,1,0.1,1.50731,3.42984e-09,0.112599,0.0783237,0.000215053,1.10944e+10,0.000171513,0.000171513,6.39662e+16,6.76877e+21
7,1.45083e-07,1,1,0.1,1,1,1,0.1,1.45361,3.43729e-09,0.108352,0.0859359,0.000298043,3.04409e+07,0.00024915,0.00024915,3.19661e+16,5.8018e+21
8,1.45083e-07,1,1,0.1,1,1,1,0.1,1.41985,3.41421e-09,0.106551,0.0866721,0.000398778,82899.4,0.000321279,0.000321279,1.75278e+16,5.07658e+21
9,1.45083e-07,1,1,0.1,1,1,1,0.1,1.38942,3.40378e-09,0.104587,0.0939013,0.000513478,223.628,0.000432732,0.000432732,1.03167e+16,4.51251e+21
10,1.45083e-07,1,1,0.1,1,1,1,0.1,1.36525,3.39062e-09,0.103167,0.0936639,0.000644042,0.598092,0.000525461,0.000525461,6.42142e+15,4.06126e+21
11,1.45083e-07,1,1,0.1,1,1,1,0.1,1.34893,3.36464e-09,0.10272,0.100711,0.00079331,0.00158803,0.000675096,0.000675096,4.18181e+15,3.69206e+21
12,1.45083e-07,1,1,0.1,1,1,1,0.1,1.33239,3.3508e-09,0.101879,0.0997503,0.000956018,4.19093e-06,0.00078802,0.00078802,2.82693e+15,3.38439e+21
13,1.45083e-07,1,1,0.1,1,1,1,0.1,1.31383,3.35391e-09,0.100367,0.106713,0.00112904,1.1004e-08,0.000980092,0.000980092,1.97191e+15,3.12405e+21
14,1.45083e-07,1,1,0.1,1,1,1,0.1,1.30469,3.33087e-09,0.100359,0.105182,0.00132622,2.87926e-11,0.00111249,0.00111249,1.41272e+15,2.9009e+21
15,1.45083e-07,1,1,0.1,1,1,1,0.1,1.28908,3.33858e-09,0.0989284,0.112114,0.00152691,7.66666e-14,0.00135118,0.00135118,1.03567e+15,2.70751e+21
16,1.45083e-07,1,1,0.1,1,1,1,0.1,1.28478,3.30976e-09,0.0994574,0.110114,0.00175893,3.03193e-16,0.00150209,0.00150209,7.74624e+14,2.53829e+21
17,1.45083e-07,1,1,0.1,1,1,1,0.1,1.27288,3.31469e-09,0.0983894,0.117046,0.00199007,7.15184e-18,0.00179152,0.00179152,5.89673e+14,2.38898e+21
18,1.45083e-07,1,1,0.1,1,1,1,0.1,1.26855,3.29503e-09,0.0986395,0.11465,0.00224947,4.03175e-19,0.00195979,0.00195979,4.55937e+14,2.25626e+21
19,1.45083e-07,1,1,0.1,1,1,1,0.1,1.25989,3.29597e-09,0.0979385,0.121602,0.00251154,2.40486e-20,0.00230404,0.00230404,3.5747e+14,2.13751e+21
20,1.45083e-07,1,1,0.1,1,1,1,0.1,1.24854,3.3114e-09,0.0966043,0.118863,0.00277637,1.42556e-21,0.00248834,0.00248834,2.83789e+14,2.03063e+21
21,1.45083e-07,1,1,0.1,1,1,1,0.1,1.25025,3.27777e-09,0.0977291,0.125847,0.00309208,8.38164e-23,0.00289146,0.00289146,2.27848e+14,1.93393e+21
22,1.45083e-07,1,1,0.1,1,1,1,0.1,1.24458,3.27638e-09,0.0973268,0.122808,0.00339764,4.891e-24,0.00309035,0.00309035,1.84812e+14,1.84603e+21
23,1.45083e-07,1,1,0.1,1,1,1,0.1,1.2376,3.28297e-09,0.0965865,0.12983,0.00370903,2.83448e-25,0.00355636,0.00355636,1.51306e+14,1.76577e+21
24,1.45083e-07,1,1,0.1,1,1,1,0.1,1.23718,3.26493e-09,0.0970875,0.126524,0.00405699,1.63232e-26,0.00376828,0.00376828,1.24934e+14,1.69219e+21
25,1.45083e-07,1,1,0.1,1,1,1,0.1,1.23102,3.27266e-09,0.0963758,0.133589,0.0043926,9.34571e-28,0.00430117,0.00430117,1.03968e+14,1.62451e+21
26,1.45083e-07,1,1,0.1,1,1,1,0.1,1.22426,3.28515e-09,0.0954826,0.130044,0.00473366,5.32217e-29,0.00452447,0.00452447,8.71467e+13,1.56202e+21
27,1.45083e-07,1,1,0.1,1,1,1,0.1,1.22431,3.27053e-09,0.0959133,0.137154,0.00511869,3.01583e-30,0.00512821,0.00512821,7.3535e+13,1.50417e+21
28,1.45083e-07,1,1,0.1,1,1,1,0.1,1.22374,3.26008e-09,0.096176,0.133392,0.00551217,1.70106e-31,0.00536117,0.00536117,6.24338e+13,1.45045e+21
29,1.45083e-07,1,1,0.1,1,1,1,0.1,1.22141,3.25862e-09,0.0960354,0.14055,0.00590649,9.55359e-33,0.00603969,0.00603969,5.33139e+13,1.40044e+21
30,1.45083e-07,1,1,0.1,1,1,1,0.1,1.22168,3.24723e-09,0.0963935,0.13659,0.00632667,5.34406e-34,0.00628052,0.00628052,4.57705e+13,1.35375e+21
31,1.45083e-07,1,1,0.1,1,1,1,0.1,1.21952,3.24764e-09,0.0962112,0.143795,0.00674196,2.97815e-35,0.00703774,0.00703774,3.94915e+13,1.31008e+21
32,1.45083e-07,1,1,0.1,1,1,1,0.1,1.21801,3.24642e-09,0.0961277,0.139654,0.0071706,1.65384e-36,0.0072846,0.0072846,3.42339e+13,1.26914e+21
33,1.45083e-07,1,1,0.1,1,1,1,0.1,1.21763,3.24126e-09,0.0962513,0.146906,0.00761655,9.15389e-38,0.00812441,0.00812441,2.9807e+13,1.23069e+21
34,1.45083e-07,1,1,0.1,1,1,1,0.1,1.21578,3.24375e-09,0.0960311,0.142599,0.00806045,5.05087e-39,0.00837541,0.00837541,2.60601e+13,1.19449e+21
35,1.45083e-07,1,1,0.1,1,1,1,0.1,1.21377,3.24798e-09,0.0957473,0.149897,0.00851078,2.77877e-40,0.00930167,0.00930167,2.28731e+13,1.16036e+21
36,1.45083e-07,1,1,0.1,1,1,1,0.1,1.21162,3.25389e-09,0.0954044,0.145435,0.00896694,1.52453e-41,0.00955488,0.00955488,2.01498e+13,1.12813e+21
37,1.45083e-07,1,1,0.1,1,1,1,0.1,1.21575,3.23189e-09,0.096381,0.152779,0.0094869,8.34221e-43,0.0105715,0.0105715,1.78124e+13,1.09764e+21
38,1.45083e-07,1,1,0.1,1,1,1,0.1,1.2126,3.24405e-09,0.0957713,0.148173,0.00994978,4.55353e-44,0.0108249,0.0108249,1.57981e+13,1.06875e+21
39,1.45083e-07,1,1,0.1,1,1,1,0.1,1.21755,3.21964e-09,0.0968909,0.155562,0.0104963,2.47965e-45,0.0119356,0.0119356,1.40553e+13,1.04135e+21
40,1.45083e-07,1,1,0.1,1,1,1,0.1,1.21508,3.23019e-09,0.0963783,0.150823,0.0109801,1.34729e-46,0.0121873,0.0121873,1.25418e+13,1.01532e+21
41,1.45083e-07,1,1,0.1,1,1,1,0.1,1.21287,3.24044e-09,0.095899,0.158255,0.0114709,7.30481e-48,0.0133959,0.0133959,1.12229e+13,9.90552e+20
42,1.45083e-07,1,1,0.1,1,1,1,0.1,1.21679,3.22244e-09,0.0967462,0.153391,0.0120339,3.95252e-49,0.013644,0.013644,1.00695e+13,9.66967e+20
43,1.45083e-07,1,1,0.1,1,1,1,0.1,1.21887,3.21365e-09,0.0971769,0.160865,0.0125849,2.13452e-50,0.0149542,0.0149542,9.05781e+12,9.4448e+20
44,1.45083e-07,1,1,0.1,1,1,1,0.1,1.21753,3.22165e-09,0.096829,0.155883,0.0131046,1.1506e-51,0.0151965,0.0151965,8.16759e+12,9.23014e+20
45,1.45083e-07,1,1,0.1,1,1,1,0.1,1.21816,3.2209e-09,0.0969015,0.163398,0.0136522,6.19131e-53,0.0166121,0.0166121,7.38201e+12,9.02503e+20
46,1.45083e-07,1,1,0.1,1,1,1,0.1,1.21728,3.22798e-09,0.0966196,0.158307,0.0141868,3.32589e-54,0.0168466,0.0168466,6.68684e+12,8.82883e+20
47,1.45083e-07,1,1,0.1,1,1,1,0.1,1.22117,3.21244e-09,0.0973973,0.165861,0.0147867,1.78374e-55,0.0183714,0.0183714,6.07003e+12,8.64099e+20
48,1.45083e-07,1,1,0.1,1,1,1,0.1,1.21743,3.23462e-09,0.0964329,0.160666,0.0152935,9.55175e-57,0.0185961,0.0185961,5.52135e+12,8.46096e+20
49,1.45083e-07,1,1,0.1,1,1,1,0.1,1.21868,3.23292e-09,0.0965826,0.168258,0.01587,5.10727e-58,0.0202336,0.0202336,5.03209e+12,8.28829e+20
50,1.45083e-07,1,1,0.1,1,1,1,0.1,1.22397,3.21156e-09,0.0976473,0.162966,0.0165085,2.72694e-59,0.0204465,0.0204465,4.59479e+12,8.12253e+20
51,1.45083e-07,1,1,0.1,1,1,1,0.1,1.22691,3.20226e-09,0.0981657,0.170594,0.0171197,1.45401e-60,0.0222004,0.0222004,4.20306e+12,7.96326e+20
52,1.45083e-07,1,1,0.1,1,1,1,0.1,1.22274,3.22878e-09,0.0970287,0.16521,0.0176336,7.74262e-62,0.0223994,0.0223994,3.85138e+12,7.81012e+20
53,1.45083e-07,1,1,0.1,1,1,1,0.1,1.22609,3.21807e-09,0.0976186,0.172872,0.0182611,4.11773e-63,0.0242734,0.0242734,3.535e+12,7.66276e+20
54,1.45083e-07,1,1,0.1,1,1,1,0.1,1.22772,3.21641e-09,0.0977985,0.167402,0.0188669,2.18724e-64,0.0244564,0.0244564,3.24982e+12,7.52086e+20
55,1.45083e-07,1,1,0.1,1,1,1,0.1,1.23005,3.21155e-09,0.0981323,0.175098,0.0194876,1.16045e-65,0.0264541,0.0264541,2.99226e+12,7.38411e+20
56,1.45083e-07,1,1,0.1,1,1,1,0.1,1.23394,3.19905e-09,0.0988271,0.169545,0.0201365,6.1498e-67,0.0266191,0.0266191,2.75921e+12,7.25226e+20
57,1.45083e-07,1,1,0.1,1,1,1,0.1,1.2358,3.19712e-09,0.0990365,0.177273,0.0207581,3.25553e-68,0.028744,0.028744,2.54797e+12,7.12502e+20
58,1.45083e-07,1,1,0.1,1,1,1,0.1,1.23258,3.22178e-09,0.0980217,0.171643,0.0212985,1.72156e-69,0.028889,0.028889,2.35616e+12,7.00218e+20
59,1.45083e-07,1,1,0.1,1,1,1,0.1,1.23494,3.21802e-09,0.0983243,0.179402,0.0219336,9.09453e-71,0.0311447,0.0311447,2.18171e+12,6.8835e+20
60,1.45083e-07,1,1,0.1,1,1,1,0.1,1.24241,3.18796e-09,0.0998518,0.173698,0.0226578,4.79965e-72,0.0312676,0.0312676,2.02279e+12,6.76877e+20
61,1.45083e-07,1,1,0.1,1,1,1,0.1,1.23894,3.21503e-09,0.0987348,0.181486,0.0231997,2.5306e-73,0.0336575,0.0336575,1.87779e+12,6.65781e+20
62,1.45083e-07,1,1,0.1,1,1,1,0.1,1.24109,3.2132e-09,0.0989619,0.175712,0.0238391,1.33302e-74,0.0337563,0.0337563,1.74529e+12,6.55042e+20
63,1.45083e-07,1,1,0.1,1,1,1,0.1,1.24378,3.2087e-09,0.0993161,0.183528,0.0244909,7.01556e-76,0.036284,0.036284,1.62405e+12,6.44645e+20
64,1.45083e-07,1,1,0.1,1,1,1,0.1,1.24586,3.20772e-09,0.0995126,0.177688,0.0251335,3.68902e-77,0.0363567,0.0363567,1.51294e+12,6.34572e+20
65,1.45083e-07,1,1,0.1,1,1,1,0.1,1.24741,3.20981e-09,0.0995718,0.185531,0.0257679,1.93818e-78,0.0390255,0.0390255,1.41098e+12,6.2481e+20
66,1.45083e-07,1,1,0.1,1,1,1,0.1,1.24952,3.20919e-09,0.0997592,0.179627,0.0264142,1.01747e-79,0.0390701,0.0390701,1.3173e+12,6.15343e+20
67,1.45083e-07,1,1,0.1,1,1,1,0.1,1.25166,3.20862e-09,0.0999476,0.187496,0.0270624,5.33716e-81,0.0418835,0.0418835,1.2311e+12,6.06159e+20
68,1.45083e-07,1,1,0.1,1,1,1,0.1,1.25369,3.20884e-09,0.100103,0.181533,0.0277098,2.79746e-82,0.041898,0.041898,1.1517e+12,5.97245e+20
69,1.45083e-07,1,1,0.1,1,1,1,0.1,1.26148,3.17812e-09,0.101698,0.189425,0.0284683,1.46519e-83,0.0448594,0.0448594,1.07848e+12,5.88589e+20
70,1.45083e-07,1,1,0.1,1,1,1,0.1,1.2632,3.18035e-09,0.101765,0.183405,0.0291132,7.66847e-85,0.0448418,0.0448418,1.01086e+12,5.8018e+20
71,1.45083e-07,1,1,0.1,1,1,1,0.1,1.2649,3.1829e-09,0.101821,0.191321,0.0297581,4.01069e-86,0.0479545,0.0479545,9.4835e+11,5.72009e+20
72,1.45083e-07,1,1,0.1,1,1,1,0.1,1.26677,3.1848e-09,0.101911,0.185247,0.0304064,2.0962e-87,0.0479028,0.0479028,8.90502e+11,5.64064e+20
73,1.45083e-07,1,1,0.1,1,1,1,0.1,1.26844,3.18797e-09,0.101944,0.193184,0.0310508,1.09485e-88,0.0511702,0.0511702,8.36909e+11,5.56337e+20
74,1.45083e-07,1,1,0.1,1,1,1,0.1,1.27014,3.19126e-09,0.101975,0.187058,0.0316954,5.71478e-90,0.0510825,0.0510825,7.87206e+11,5.48819e+20
75,1.45083e-07,1,1,0.1,1,1,1,0.1,1.27571,3.17321e-09,0.103005,0.195017,0.032417,2.98105e-91,0.0545078,0.0545078,7.41064e+11,5.41502e+20
76,1.45083e-07,1,1,0.1,1,1,1,0.1,1.2734,3.19924e-09,0.101982,0.188842,0.0329802,1.55408e-92,0.0543822,0.0543822,6.98184e+11,5.34377e+20
77,1.45083e-07,1,1,0.1,1,1,1,0.1,1.28035,3.17366e-09,0.103365,0.196821,0.0337316,8.09687e-94,0.0579687,0.0579687,6.58299e+11,5.27437e+20
78,1.45083e-07,1,1,0.1,1,1,1,0.1,1.2822,3.17676e-09,0.103414,0.190599,0.0343789,4.21608e-95,0.0578032,0.0578032,6.21163e+11,5.20675e+20
79,1.45083e-07,1,1,0.1,1,1,1,0.1,1.28364,3.18243e-09,0.103345,0.198596,0.0350167,2.19409e-96,0.0615542,0.0615542,5.86556e+11,5.14084e+20
80,1.45083e-07,1,1,0.1,1,1,1,0.1,1.28522,3.18749e-09,0.103308,0.19233,0.0356559,1.14119e-97,0.0613468,0.0613468,5.54276e+11,5.07658e+20
81,1.45083e-07,1,1,0.1,1,1,1,0.1,1.28671,3.19335e-09,0.103237,0.200345,0.0362913,5.93238e-99,0.0652654,0.0652654,5.24141e+11,5.01391e+20
82,1.45083e-07,1,1,0.1,1,1,1,0.1,1.29355,3.16868e-09,0.104595,0.194036,0.037039,3.08227e-100,0.0650145,0.0650145,4.95985e+11,4.95276e+20
83,1.45083e-07,1,1,0.1,1,1,1,0.1,1.29514,3.17416e-09,0.104542,0.202068,0.0376761,1.60063e-101,0.0691039,0.0691039,4.69656e+11,4.89309e+20
84,1.45083e-07,1,1,0.1,1,1,1,0.1,1.29654,3.18092e-09,0.104433,0.195719,0.0383072,8.3079e-103,0.0688073,0.0688073,4.45015e+11,4.83484e+20
85,1.45083e-07,1,1,0.1,1,1,1,0.1,1.29793,3.18799e-09,0.104313,0.203767,0.0389356,4.31002e-104,0.0730707,0.0730707,4.21935e+11,4.77796e+20
86,1.45083e-07,1,1,0.1,1,1,1,0.1,1.30476,3.16357e-09,0.105672,0.19738,0.0396785,2.23491e-105,0.0727267,0.0727267,4.00302e+11,4.7224e+20
87,1.45083e-07,1,1,0.1,1,1,1,0.1,1.3061,3.17117e-09,0.105526,0.205442,0.0403042,1.15835e-106,0.0771671,0.0771671,3.8001e+11,4.66812e+20
88,1.45083e-07,1,1,0.1,1,1,1,0.1,1.30705,3.18125e-09,0.105269,0.199018,0.0409187,6.00092e-108,0.076774,0.076774,3.6096e+11,4.61507e+20
89,1.45083e-07,1,1,0.1,1,1,1,0.1,1.31413,3.15551e-09,0.106702,0.207095,0.0416605,3.10745e-109,0.0813945,0.0813945,3.43065e+11,4.56322e+20
90,1.45083e-07,1,1,0.1,1,1,1,0.1,1.31541,3.16388e-09,0.106523,0.200636,0.0422799,1.60842e-110,0.0809503,0.0809503,3.26242e+11,4.51251e+20
91,1.45083e-07,1,1,0.1,1,1,1,0.1,1.31655,3.17327e-09,0.106301,0.208726,0.0428931,8.32167e-112,0.085754,0.085754,3.10417e+11,4.46293e+20
92,1.45083e-07,1,1,0.1,1,1,1,0.1,1.32276,3.15282e-09,0.107494,0.202233,0.0436098,4.30368e-113,0.0852569,0.0852569,2.95519e+11,4.41442e+20
93,1.45083e-07,1,1,0.1,1,1,1,0.1,1.3242,3.16069e-09,0.107343,0.210336,0.0442259,2.2248e-114,0.0902469,0.0902469,2.81487e+11,4.36695e+20
94,1.45083e-07,1,1,0.1,1,1,1,0.1,1.32523,3.1712e-09,0.107071,0.203811,0.0448297,1.14966e-115,0.0896952,0.0896952,2.6826e+11,4.32049e+20
95,1.45083e-07,1,1,0.1,1,1,1,0.1,1.32694,3.17788e-09,0.106984,0.211925,0.0454443,5.93852e-117,0.0948743,0.0948743,2.55785e+11,4.27501e+20
96,1.45083e-07,1,1,0.1,1,1,1,0.1,1.33332,3.15642e-09,0.108229,0.205371,0.0461573,3.06634e-118,0.0942662,0.0942662,2.44012e+11,4.23048e+20
97,1.45083e-07,1,1,0.1,1,1,1,0.1,1.33457,3.16608e-09,0.108,0.213496,0.0467583,1.5827e-119,0.0996375,0.0996375,2.32894e+11,4.18687e+20
98,1.45083e-07,1,1,0.1,1,1,1,0.1,1.34095,3.14477e-09,0.109252,0.206913,0.0474626,8.16615e-121,0.0989713,0.0989713,2.22389e+11,4.14415e+20
99,1.45083e-07,1,1,0.1,1,1,1,0.1,1.3421,3.1552e-09,0.108984,0.215048,0.0480575,4.21192e-122,0.104538,0.104538,2.12458e+11,4.10229e+20
100,1.45083e-07,1,1,0.1,1,1,1,0.1,1.34325,3.16588e-09,0.10871,0.208437,0.0486477,2.17165e-123,0.103812,0.103812,2.03063e+11,4.06126e+20
5,1.74753e-07,1,1,0.1,1,1,1,0.1,1.54973,4.21579e-09,0.0941849,0.0761477,0.000179523,4.06003e+12,0.000119999,0.000119999,8.31461e+16,4.64801e+21
6,1.74753e-07,1,1,0.1,1,1,1,0.1,1.48978,4.19571e-09,0.0909748,0.078345,0.000266532,1.10944e+10,0.000171603,0.000171603,3.66038e+16,3.87334e+21
7,1.74753e-07,1,1,0.1,1,1,1,0.1,1.44612,4.16896e-09,0.0888757,0.0859533,0.0003728,3.04409e+07,0.000249249,0.000249249,1.82922e+16,3.32001e+21
8,1.74753e-07,1,1,0.1,1,1,1,0.1,1.40906,4.15517e-09,0.0868851,0.0867071,0.00049686,82899.4,0.000321527,0.000321527,1.003e+16,2.90501e+21
9,1.74753e-07,1,1,0.1,1,1,1,0.1,1.38495,4.11801e-09,0.0861688,0.0939282,0.000643588,223.628,0.000432975,0.000432975,5.90358e+15,2.58223e+21
10,1.74753e-07,1,1,0.1,1,1,1,0.1,1.35543,4.12505e-09,0.0841883,0.0937152,0.000802484,0.598092,0.000526007,0.000526007,3.67457e+15,2.324e+21
11,1.74753e-07,1,1,0.1,1,1,1,0.1,1.33932,4.09345e-09,0.0838301,0.100749,0.000988226,0.00158803,0.000675595,0.000675595,2.39298e+15,2.11273e+21
12,1.74753e-07,1,1,0.1,1,1,1,0.1,1.32298,4.07661e-09,0.0831495,0.0998202,0.00119069,4.19093e-06,0.000789059,0.000789059,1.61768e+15,1.93667e+21
13,1.74753e-07,1,1,0.1,1,1,1,0.1,1.30464,4.08039e-09,0.0819209,0.106764,0.00140608,1.10041e-08,0.000980999,0.000980999,1.1284e+15,1.7877e+21
14,1.74753e-07,1,1,0.1,1,1,1,0.1,1.29565,4.05236e-09,0.0819192,0.105273,0.00165123,2.87983e-11,0.00111428,0.00111428,8.08408e+14,1.66e+21
15,1.74753e-07,1,1,0.1,1,1,1,0.1,1.28023,4.06175e-09,0.0807568,0.112179,0.001901,7.70257e-14,0.00135269,0.00135269,5.92647e+14,1.54934e+21
16,1.74753e-07,1,1,0.1,1,1,1,0.1,1.26736,4.06715e-09,0.0798386,0.110227,0.0021693,3.25432e-16,0.00150495,0.00150495,4.43269e+14,1.4525e+21
17,1.74753e-07,1,1,0.1,1,1,1,0.1,1.26429,4.03268e-09,0.0803262,0.117127,0.00247671,8.5115e-18,0.00179389,0.00179389,3.37432e+14,1.36706e+21
18,1.74753e-07,1,1,0.1,1,1,1,0.1,1.25163,4.04906e-09,0.0792003,0.114788,0.0027743,4.85361e-19,0.00196411,0.00196411,2.60904e+14,1.29111e+21
19,1.74753e-07,1,1,0.1,1,1,1,0.1,1.25153,4.00991e-09,0.079967,0.121699,0.00312462,2.89659e-20,0.00230757,0.00230757,2.04558e+14,1.22316e+21
20,1.74753e-07,1,1,0.1,1,1,1,0.1,1.24033,4.02868e-09,0.0788823,0.119027,0.00345405,1.71709e-21,0.0024946,0.0024946,1.62395e+14,1.162e+21
21,1.74753e-07,1,1,0.1,1,1,1,0.1,1.23398,4.02784e-09,0.0784949,0.125961,0.00381338,1.00957e-22,0.00289651,0.00289651,1.30383e+14,1.10667e+21
22,1.74753e-07,1,1,0.1,1,1,1,0.1,1.22851,4.02613e-09,0.0781801,0.123,0.00418996,5.89123e-24,0.00309909,0.00309909,1.05756e+14,1.05637e+21
23,1.74753e-07,1,1,0.1,1,1,1,0.1,1.22964,3.99409e-09,0.0788798,0.129963,0.00461188,3.41414e-25,0.00356335,0.00356335,8.65828e+13,1.01044e+21
24,1.74753e-07,1,1,0.1,1,1,1,0.1,1.22145,4.01206e-09,0.0780036,0.126745,0.00500304,1.96614e-26,0.00378013,0.00378013,7.14918e+13,9.68335e+20
25,1.74753e-07,1,1,0.1,1,1,1,0.1,1.22323,3.98155e-09,0.0787155,0.133743,0.00546017,1.12569e-27,0.00431059,0.00431059,5.94945e+13,9.29602e+20
26,1.74753e-07,1,1,0.1,1,1,1,0.1,1.21658,3.99674e-09,0.0779902,0.130295,0.00588389,6.41057e-29,0.00454015,0.00454015,4.98686e+13,8.93848e+20
27,1.74753e-07,1,1,0.1,1,1,1,0.1,1.21669,3.97896e-09,0.0783454,0.137329,0.00636107,3.63257e-30,0.00514061,0.00514061,4.20794e+13,8.60742e+20
28,1.74753e-07,1,1,0.1,1,1,1,0.1,1.21617,3.96624e-09,0.0785635,0.133676,0.00684872,2.04893e-31,0.00538146,0.00538146,3.57269e+13,8.30001e+20
29,1.74753e-07,1,1,0.1,1,1,1,0.1,1.21391,3.96447e-09,0.0784524,0.140747,0.00733767,1.15073e-32,0.00605569,0.00605569,3.05082e+13,8.01381e+20
30,1.74753e-07,1,1,0.1,1,1,1,0.1,1.20684,3.99032e-09,0.0774903,0.136907,0.00780045,6.43694e-34,0.00630631,0.00630631,2.61916e+13,7.74668e+20
31,1.74753e-07,1,1,0.1,1,1,1,0.1,1.21214,3.9511e-09,0.078603,0.144016,0.00837284,3.58719e-35,0.00705804,0.00705804,2.25985e+13,7.49679e+20
32,1.74753e-07,1,1,0.1,1,1,1,0.1,1.21069,3.94963e-09,0.0785382,0.140006,0.00890396,1.99206e-36,0.00731687,0.00731687,1.95899e+13,7.26251e+20
33,1.74753e-07,1,1,0.1,1,1,1,0.1,1.20317,3.98298e-09,0.0773967,0.147151,0.00938962,1.10259e-37,0.00814977,0.00814977,1.70567e+13,7.04244e+20
34,1.74753e-07,1,1,0.1,1,1,1,0.1,1.20858,3.94637e-09,0.0784662,0.142986,0.0100062,6.08379e-39,0.00841523,0.00841523,1.49125e+13,6.83531e+20
35,1.74753e-07,1,1,0.1,1,1,1,0.1,1.20664,3.95153e-09,0.0782379,0.150167,0.0105641,3.34704e-40,0.00933294,0.00933294,1.30888e+13,6.64001e+20
36,1.74753e-07,1,1,0.1,1,1,1,0.1,1.20456,3.95871e-09,0.0779613,0.145859,0.0111293,1.8363e-41,0.00960342,0.00960342,1.15304e+13,6.45557e+20
37,1.74753e-07,1,1,0.1,1,1,1,0.1,1.20172,3.97147e-09,0.0775274,0.153075,0.0116936,1.00482e-42,0.0106096,0.0106096,1.01929e+13,6.28109e+20
38,1.74753e-07,1,1,0.1,1,1,1,0.1,1.20563,3.94675e-09,0.0782673,0.148635,0.0123451,5.48474e-44,0.0108834,0.0108834,9.04026e+12,6.1158e+20
39,1.74753e-07,1,1,0.1,1,1,1,0.1,1.20368,3.9564e-09,0.0779498,0.155885,0.0129378,2.98675e-45,0.0119815,0.0119815,8.04296e+12,5.95898e+20
40,1.74753e-07,1,1,0.1,1,1,1,0.1,1.20818,3.92988e-09,0.0787695,0.151323,0.0136186,1.62282e-46,0.0122572,0.0122572,7.1769e+12,5.81001e+20
41,1.74753e-07,1,1,0.1,1,1,1,0.1,1.20604,3.94235e-09,0.0783813,0.158606,0.0142264,8.79866e-48,0.0134508,0.0134508,6.42214e+12,5.6683e+20
42,1.74753e-07,1,1,0.1,1,1,1,0.1,1.20323,3.95985e-09,0.0778526,0.153931,0.0148296,4.76083e-49,0.0137265,0.0137265,5.76216e+12,5.53334e+20
43,1.74753e-07,1,1,0.1,1,1,1,0.1,1.20537,3.94905e-09,0.0782048,0.161244,0.015509,2.57104e-50,0.0150192,0.0150192,5.18321e+12,5.40466e+20
44,1.74753e-07,1,1,0.1,1,1,1,0.1,1.21081,3.91949e-09,0.0791503,0.156464,0.0162441,1.3859e-51,0.0152934,0.0152934,4.6738e+12,5.28183e+20
45,1.74753e-07,1,1,0.1,1,1,1,0.1,1.21149,3.91858e-09,0.0792126,0.163807,0.0169204,7.45745e-53,0.0166884,0.0166884,4.22426e+12,5.16445e+20
46,1.74753e-07,1,1,0.1,1,1,1,0.1,1.21066,3.92719e-09,0.0789854,0.15893,0.0175815,4.00605e-54,0.0169595,0.0169595,3.82646e+12,5.05218e+20
47,1.74753e-07,1,1,0.1,1,1,1,0.1,1.20803,3.94756e-09,0.0784065,0.1663,0.0182177,2.14852e-55,0.0184604,0.0184604,3.47349e+12,4.94469e+20
48,1.74753e-07,1,1,0.1,1,1,1,0.1,1.21091,3.93527e-09,0.0788391,0.161331,0.0189488,1.15051e-56,0.0187267,0.0187267,3.15952e+12,4.84168e+20
49,1.74753e-07,1,1,0.1,1,1,1,0.1,1.2122,3.9332e-09,0.0789644,0.168727,0.0196602,6.15173e-58,0.0203368,0.0203368,2.87955e+12,4.74287e+20
50,1.74753e-07,1,1,0.1,1,1,1,0.1,1.2175,3.90722e-09,0.079837,0.163674,0.0204456,3.28461e-59,0.0205967,0.0205967,2.62931e+12,4.64801e+20
51,1.74753e-07,1,1,0.1,1,1,1,0.1,1.21405,3.93505e-09,0.0790479,0.171095,0.0210882,1.75136e-60,0.0223192,0.0223192,2.40514e+12,4.55687e+20
52,1.74753e-07,1,1,0.1,1,1,1,0.1,1.21637,3.92816e-09,0.0793377,0.165962,0.0218355,9.32602e-62,0.0225711,0.0225711,2.2039e+12,4.46924e+20
53,1.74753e-07,1,1,0.1,1,1,1,0.1,1.21974,3.91513e-09,0.0798225,0.173406,0.0226079,4.95982e-63,0.0244095,0.0244095,2.02286e+12,4.38491e+20
54,1.74753e-07,1,1,0.1,1,1,1,0.1,1.2214,3.91312e-09,0.0799724,0.168199,0.0233544,2.63454e-64,0.0246518,0.0246518,1.85967e+12,4.30371e+20
55,1.74753e-07,1,1,0.1,1,1,1,0.1,1.22376,3.9072e-09,0.080248,0.175665,0.0241187,1.39776e-65,0.0266092,0.0266092,1.71228e+12,4.22546e+20
56,1.74753e-07,1,1,0.1,1,1,1,0.1,1.22144,3.93111e-09,0.0796088,0.170389,0.0247962,7.40745e-67,0.0268402,0.0268402,1.57892e+12,4.15001e+20
57,1.74753e-07,1,1,0.1,1,1,1,0.1,1.22337,3.92873e-09,0.0797829,0.177875,0.0255601,3.92129e-68,0.0289199,0.0289199,1.45804e+12,4.0772e+20
58,1.74753e-07,1,1,0.1,1,1,1,0.1,1.22641,3.91965e-09,0.0801664,0.172533,0.026351,2.07363e-69,0.0291382,0.0291382,1.34828e+12,4.0069e+20
59,1.74753e-07,1,1,0.1,1,1,1,0.1,1.2288,3.91507e-09,0.0804165,0.180038,0.0271323,1.09544e-70,0.0313432,0.0313432,1.24845e+12,3.93899e+20
60,1.74753e-07,1,1,0.1,1,1,1,0.1,1.23015,3.91748e-09,0.0804555,0.174634,0.0278952,5.7812e-72,0.0315472,0.0315472,1.15751e+12,3.87334e+20
61,1.74753e-07,1,1,0.1,1,1,1,0.1,1.23286,3.91144e-09,0.0807576,0.182157,0.0286902,3.04812e-73,0.0338807,0.0338807,1.07454e+12,3.80984e+20
62,1.74753e-07,1,1,0.1,1,1,1,0.1,1.23504,3.90921e-09,0.080946,0.176696,0.0294766,1.60563e-74,0.0340688,0.0340688,9.98721e+11,3.74839e+20
63,1.74753e-07,1,1,0.1,1,1,1,0.1,1.23776,3.90374e-09,0.0812382,0.184235,0.0302776,8.45026e-76,0.036534,0.036534,9.2934e+11,3.6889e+20
64,1.74753e-07,1,1,0.1,1,1,1,0.1,1.23987,3.90254e-09,0.0814016,0.178721,0.0310676,4.44343e-77,0.0367047,0.0367047,8.65759e+11,3.63126e+20
65,1.74753e-07,1,1,0.1,1,1,1,0.1,1.24146,3.90508e-09,0.0814527,0.186274,0.0318478,2.33454e-78,0.0393045,0.0393045,8.07415e+11,3.57539e+20
66,1.74753e-07,1,1,0.1,1,1,1,0.1,1.24359,3.90432e-09,0.0816087,0.180709,0.032642,1.22555e-79,0.0394563,0.0394563,7.53805e+11,3.52122e+20
67,1.74753e-07,1,1,0.1,1,1,1,0.1,1.24576,3.90363e-09,0.0817654,0.188277,0.0334385,6.42863e-81,0.0421938,0.0421938,7.04483e+11,3.46866e+20
68,1.74753e-07,1,1,0.1,1,1,1,0.1,1.24783,3.90391e-09,0.0818953,0.182664,0.0342338,3.36955e-82,0.0423252,0.0423252,6.59048e+11,3.41765e+20
69,1.74753e-07,1,1,0.1,1,1,1,0.1,1.24975,3.90539e-09,0.0819906,0.190244,0.0350268,1.76482e-83,0.0452033,0.0452033,6.17143e+11,3.36812e+20
70,1.74753e-07,1,1,0.1,1,1,1,0.1,1.25154,3.90813e-09,0.08205,0.184587,0.0358168,9.2367e-85,0.0453129,0.0453129,5.7845e+11,3.32001e+20
71,1.74753e-07,1,1,0.1,1,1,1,0.1,1.25331,3.91127e-09,0.0821002,0.192178,0.0366066,4.83089e-86,0.0483346,0.0483346,5.42681e+11,3.27325e+20
72,1.74753e-07,1,1,0.1,1,1,1,0.1,1.26098,3.87465e-09,0.0833832,0.186479,0.0375397,2.52488e-87,0.048421,0.048421,5.09578e+11,3.22778e+20
73,1.74753e-07,1,1,0.1,1,1,1,0.1,1.26268,3.87852e-09,0.0834129,0.194081,0.038331,1.31876e-88,0.0515891,0.0515891,4.7891e+11,3.18357e+20
74,1.74753e-07,1,1,0.1,1,1,1,0.1,1.26441,3.88251e-09,0.0834412,0.188342,0.0391222,6.88348e-90,0.0516507,0.0516507,4.50468e+11,3.14055e+20
75,1.74753e-07,1,1,0.1,1,1,1,0.1,1.26431,3.89936e-09,0.0830742,0.195953,0.039867,3.59069e-91,0.0549681,0.0549681,4.24064e+11,3.09867e+20
76,1.74753e-07,1,1,0.1,1,1,1,0.1,1.26774,3.89223e-09,0.0834521,0.190178,0.0406991,1.87189e-92,0.0550037,0.0550037,3.99527e+11,3.0579e+20
77,1.74753e-07,1,1,0.1,1,1,1,0.1,1.26906,3.89991e-09,0.0833744,0.197797,0.0414767,9.75271e-94,0.0584733,0.0584733,3.76703e+11,3.01819e+20
78,1.74753e-07,1,1,0.1,1,1,1,0.1,1.27657,3.86487e-09,0.0846279,0.191987,0.0424086,5.07828e-95,0.0584814,0.0584814,3.55452e+11,2.97949e+20
79,1.74753e-07,1,1,0.1,1,1,1,0.1,1.27804,3.87177e-09,0.0845744,0.199614,0.0431909,2.64279e-96,0.0621059,0.0621059,3.35649e+11,2.94178e+20
80,1.74753e-07,1,1,0.1,1,1,1,0.1,1.27966,3.87792e-09,0.0845471,0.193771,0.0439748,1.37457e-97,0.0620852,0.0620852,3.17177e+11,2.90501e+20
81,1.74753e-07,1,1,0.1,1,1,1,0.1,1.28117,3.88506e-09,0.0844919,0.201404,0.044754,7.14558e-99,0.0658673,0.0658673,2.99933e+11,2.86914e+20
82,1.74753e-07,1,1,0.1,1,1,1,0.1,1.28251,3.89379e-09,0.0843905,0.19553,0.0455258,3.71261e-100,0.0658166,0.0658166,2.83821e+11,2.83415e+20
83,1.74753e-07,1,1,0.1,1,1,1,0.1,1.28963,3.86171e-09,0.0855635,0.203169,0.0464448,1.92796e-101,0.069759,0.069759,2.68754e+11,2.8e+20
